CastID,Name,DOB
0000706,Michelle Yeoh,1962-8-6
3513533,Stephanie Hsu,1990-11-25
0702841,Ke Huy Quan,1971-8-20
0393222,"James Hong
(I)",1929-2-22
0000130,Jamie Lee Curtis,1958-11-22
3303059,Tallie Medel,1986-5-10
2809577,Jenny Slate,1982-3-25
1484270,Harry Shum Jr.,1982-4-28
0927706,Biff Wiff,
4576371,Sunita Mani,1986-12-13
1594381,Aaron Lazar,
5911757,"Brian Le
(III)",
5869658,"Andy Le
(III)",
4250814,Narayana Cabral,
7918162,Chelsey Goldsmith,
2359285,Craig Henningsen,1987-8-20
1190376,Anthony Molinari,1974-5-9
1640149,"Dan Brown
(VII)",1982-5-4
0329481,Ginnifer Goodwin,1978-5-22
0000867,"Jason Bateman
(I)",1969-1-14
0252961,Idris Elba,1972-9-6
2809577,Jenny Slate,1982-3-25
1535594,Nate Torrence,1977-12-1
0001372,"Bonnie Hunt
(I)",1961-9-22
0482141,"Don Lake
(I)",1956-11-26
0001045,"Tommy Chong
(I)",1938-5-24
0799777,J.K. Simmons,1955-1-9
0818055,Octavia Spencer,1970-5-25
0876138,Alan Tudyk,1971-3-16
0787680,"Shakira
(I)",1977-2-2
0675442,Raymond S. Persi,1975-2-17
5415922,Della Saba,1989-12-6
0005606,Maurice LaMarche,1958-3-30
1601882,"Phil Johnston
(I)",1971-10-26
0299275,Fuschia!,1965-7-25
0224007,John DiMaggio,1968-9-4
0644897,Sandra Oh,1971-7-20
1640384,Fivel Stewart,1996-11-4
0000551,Dermot Mulroney,1963-10-31
3843467,Odeya Rush,1997-5-12
9659083,MeeWha Alana Lee,
1502541,Tom Yi,
4475785,Danielle K. Golden,
7997107,Hana Marie Kim,
12018913,Mark Kirksey,
0005562,"Owen Wilson
(I)",1968-11-18
0001372,"Bonnie Hunt
(I)",1961-9-22
0000056,"Paul Newman
(I)
(1925–2008)",1925-1-26
1249256,Larry the Cable Guy,1963-2-17
0001507,Cheech Marin,1946-7-13
0001724,Tony Shalhoub,1953-10-9
0702925,Guido Quaroni,
0507338,Jenifer Lewis,1957-1-25
0233209,"Paul Dooley
(I)",1928-2-22
0909274,"Michael Wallis
(I)",1945-10-7
0137506,"George Carlin
(1937–2008)",1937-5-12
0001340,"Katherine Helmond
(1929–2019)",1929-7-5
0001652,"John Ratzenberger
(I)",1947-4-6
0710020,"Joe Ranft
(1960–2005)",1960-3-13
0000474,"Michael Keaton
(I)",1951-9-5
0678809,"Richard Petty
(I)",1937-7-2
0005315,Jeremy Piven,1965-7-26
0182471,Bob Costas,1952-3-22
1517976,"Chris Pine
(I)",1980-8-26
1843026,Gillian Jacobs,1982-10-19
7870704,Sander Thomas,
11123470,"Toby Dixon
(III)",
2270222,"Dean Ashton
(IV)",
7349608,"Dustin Lewis
(III)",
5745472,Regina Ting Chen,
0480961,Brian Lafontaine,
4556061,"Cory Scott Allen
(–2021)",
2760215,Antal Kalik,
0004936,"Ben Foster
(I)",1980-10-29
7335799,Tyner Rushing,
9105523,Nicolas Noblitt,
13530011,Eva Ursescu,
0941888,Nico Woulard,
1324884,Tait Fletcher,
0502696,Malosi Leonard,1979-0-0
3149715,Brandon Melendy,
0000226,"Will Smith
(I)",1968-9-25
0254712,Aunjanue Ellis,1969-2-21
1256532,Jon Bernthal,1976-9-20
5181138,Saniyya Sidney,2006-10-30
9403098,"Demi Singleton
(II)",2007-2-27
0001282,Tony Goldwyn,1960-5-20
10693286,Mikayla Lashae Bartholomew,
6822586,Daniele Lawson,
4815306,Layla Crawford,
0727640,Erika Ringor,1974-12-23
0063800,Noah Bean,1978-8-20
5164937,Craig Tate,
8582283,Josiah Cross,
8939444,Calvin Clausell Jr.,
8929615,Vaughn W. Hebron,
1456793,Jimmy Walker Jr.,1949-2-12
0242656,"Kevin Dunn
(I)",1956-8-24
0339159,Brad Greenquist,1959-10-8
1212722,Benedict Cumberbatch,1976-7-19
1046097,Rachel McAdams,1978-11-17
0647634,"Elizabeth Olsen
(I)",1989-2-16
0836121,Michael Stuhlbarg,1968-7-5
0001772,"Patrick Stewart
(I)",1940-7-13
0132257,"Bruce Campbell
(I)",1958-6-22
7961780,"Xochitl Gomez
(I)",2006-4-29
0938950,Benedict Wong,1970-2-20
0252230,Chiwetel Ejiofor,1977-7-10
6623135,Julian Hilliard,2011-6-20
4810527,Jett Klyne,
2651768,"Soo Cole
(I)",
11105476,"Tony McCarthy
(XI)",
0000129,Tom Cruise,1962-7-3
0000124,"Jennifer Connelly
(I)",1970-12-12
1886602,Miles Teller,1987-2-20
0000174,Val Kilmer,1959-12-31
4834815,Monica Barbaro,
0358316,Jon Hamm,1971-3-10
1412974,"Glen Powell
(I)",1988-10-21
0000438,"Ed Harris
(I)",1950-11-28
0446465,Jean Louisa Kelly,1972-3-9
3254274,"Manny Jacinto
(I)",1987-8-19
5730649,Lewis Pullman,1993-1-29
9404262,India Everett,1992-7-15
6639989,"Danny Ramirez
(VII)",
1337350,"Jay Ellis
(I)",1981-12-27
3100463,"Raymond Lee
(X)",1987-2-5
8241861,"Greg Tarzan Davis
(I)",
7153803,Lyliana Wray,2004-12-30
1506981,Bashir Salahuddin,1976-6-30
2355635,"Ben Schwartz
(III)",1981-9-15
0005188,"James Marsden
(I)",1973-9-18
0000120,"Jim Carrey
(I)",1962-1-17
1754366,Tika Sumpter,1980-6-20
5625020,Natasha Rothwell,1980-10-18
1269723,Adam Pally,1982-3-18
2837384,Lee Majdoub,1982-5-31
0568180,Neal McDonough,1966-2-13
0125148,"Tom Butler
(I)",1951-0-0
0003964,"Frank C. Turner
(I)",1951-6-2
9961714,Melody Nosipho Niemann,
1275101,Shannon Chan-Kent,1988-9-23
0446219,"Brad Kelly
(I)",
2089175,Elfina Luk,
0149942,Garry Chalk,1952-2-17
0389581,"Michael Hogan
(II)",
0117206,"Peter Bryant
(I)",
6528918,"Jeremy Arnold
(VII)",
8402992,Daisy Edgar-Jones,1998-5-24
0226813,Garret Dillahunt,1964-11-24
6170168,"Harris Dickinson
(I)",1996-6-24
0000657,David Strathairn,1949-1-26
4973896,Taylor John Smith,
1426686,Eric Ladin,1978-2-16
1501738,"Ahna O'Reilly
(I)",1984-9-21
0404924,"Michael Hyatt
(II)",
0159609,Joe Chrest,
5016962,Logan Macrae,
9897928,Luke David Blumm,
0847857,"Charlie Talbert
(I)",1978-12-13
0532160,Sterling Macer Jr.,1963-11-28
1551999,Billy Slaughter,1980-6-3
10781861,Blue Clarke,
2519780,Robert Larriviere,
7582009,"Caroline Cole
(IV)",
10108642,Jojo Regina,
0000354,Matt Damon,1970-10-8
3485845,"Adam Driver
(I)",1983-11-19
3069650,Jodie Comer,1993-3-11
0910040,Harriet Walter,1950-9-24
0000255,Ben Affleck,1972-8-15
3867299,Alex Lawther,1995-5-4
0190744,Marton Csokas,1966-6-30
0396908,"William Houston
(I)",1968-7-19
0183122,"Oliver Cotton
(I)",1944-6-20
13009138,Aurélien Lorgnier,
0662511,Nathaniel Parker,1962-5-18
7552807,Tallulah Haddon,1997-9-9
1492939,Bryony Hannah,1984-0-0
1914270,Thomas Silberstein,
1401016,"Adam Goodwin
(III)",
1128414,"Ian Pirie
(I)",
7846802,"Daniel Horn
(III)",
0568385,Michael McElhatton,1963-0-0
2546012,Kaya Scodelario,1992-3-13
2064412,Robbie Amell,1988-4-21
4789912,Hannah John-Kamen,1989-9-7
2584392,"Tom Hopper
(I)",1985-1-28
2240326,Avan Jogia,1992-2-9
0006610,Donal Logue,1966-2-27
0568180,Neal McDonough,1966-2-13
5182450,"Lily Gao
(I)",
1756186,Chad Rook,1982-3-29
10894712,Marina Mazepa,
3466819,Nathan Dales,
4145157,Josh Cruddas,
1956710,"Pat Thornton
(I)",1976-9-5
11961024,Holly de Barros,
3848496,"Janet Porter
(II)",
8748191,Lily Gail Reid,
11967053,Daxton Gujral,
1792091,"Dylan Taylor
(II)",1981-7-9
7635388,Auli'i Cravalho,2000-11-22
0425005,"Dwayne Johnson
(I)",1972-5-2
1344302,Rachel House,1971-10-20
0607325,Temuera Morrison,1960-12-26
1318596,Jemaine Clement,1974-1-10
0970122,Nicole Scherzinger,1978-6-29
0876138,Alan Tudyk,1971-3-16
0452714,Oscar Kightley,
2290509,Troy Polamalu,1981-4-19
8581231,Puanani Cravalho,
8581232,"Louise Bush
(II)",
1862960,"Chris Jackson
(XXI)",1975-9-30
4043618,"Tom Holland
(X)",1996-6-1
0000242,"Mark Wahlberg
(I)",1971-6-5
0000104,Antonio Banderas,1960-8-10
1496115,"Sophia Ali
(I)",1995-11-7
6616259,Tati Gabrielle,1996-1-25
0905357,Steven Waddington,1967-12-0
9168430,Pingi Moli,
10694706,Tiernan Jones,
8837339,Rudy Pankow,1998-8-12
13388489,Jesús Evita,
0657794,"Georgia Goodman
(I)",
2846393,Diarmaid Murtagh,
1692732,Joseph Balderrama,
13388490,Serena Posadino,
4404428,Alana Boden,
0265344,"Jonathan Failla
(I)",1961-0-0
4751899,"Anthony Thomas
(XXIII)",
8333392,"Peter Seaton-Clark
(I)",1972-7-29
0005253,"Elisabeth Moss
(I)",1982-7-24
2719825,Oliver Jackson-Cohen,1986-10-24
2976830,"Harriet Dyer
(I)",
0388038,Aldis Hodge,1986-9-20
4977564,Storm Reid,2003-7-1
1168915,"Michael Dorman
(I)",1981-4-26
3715624,"Benedict Hardie
(I)",
1813111,Renee Lim,
0576020,"Brian Meegan
(I)",
11382550,Nick Kici,
4824349,Vivienne Greer,
0394034,"Nicholas Hope
(I)",1958-12-25
4783654,Cleave Williams,
11382551,Cardwell Lynch,
2784877,"Sam Smith
(XVIII)",
4549541,Zara Michales,
5048661,Serag Mohamed,
0003482,Nash Edgerton,1973-1-19
0005351,"Ryan Reynolds
(I)",1976-10-23
11880640,Walker Scobell,
0749263,Mark Ruffalo,1967-11-22
0004950,"Jennifer Garner
(I)",1972-4-17
0757855,"Zoe Saldana
(I)",1978-6-19
0001416,Catherine Keener,1959-3-23
3520506,Alex Mallari Jr.,
9215986,Braxton Bjerken,
11953116,Kasra Wong,
1708815,Lucie Guest,
3402242,Donald Sales,
7728822,Esther Ming Li,
1649128,"Ben Wilkinson
(V)",
13456353,Isaiah Haegert,
4215448,Milo Shandel,
0367762,Ellie Harvie,1965-4-7
0000148,"Harrison Ford
(I)",1942-7-13
0331516,Ryan Gosling,1980-11-12
1869101,Ana de Armas,1988-4-30
1176985,Dave Bautista,1969-1-18
0000705,"Robin Wright
(V)",1966-4-8
0036553,"Mark Arnold
(I)",1957-5-23
1315976,Vilma Szécsi,1933-11-8
0365445,Wood Harris,1969-10-17
2810287,David Dastmalchian,1975-7-21
1319365,Tómas Lemarquis,1977-8-3
1679778,Sylvia Hoeks,1983-6-1
0001579,Edward James Olmos,1947-2-24
0001467,Jared Leto,1971-12-26
1760156,Sallie Harmsen,1989-5-2
0007814,Hiam Abbass,1960-11-30
4496875,"Mackenzie Davis
(II)",1987-4-1
1279980,Krista Kosonen,1983-5-28
2917590,Elarica Johnson,1989-8-21
4592090,Hazel Doupe,
5427601,"Carolyn Bracken
(II)",
2050660,"Paul Reid
(IV)",
6552615,"Jade Jordan
(I)",
7468862,"Katie White
(XI)",
6616960,Jordanne Jones,
0186062,Ingrid Craigie,
6350696,Miriam Devitt,
5723494,Aoife Spratt,
8162275,Madi O'Carroll,
5594896,"Martin O'Sullivan
(II)",
10264057,Florence Adebambo,
12077636,Colin Peppard,
13405256,Lucie Doran,
0632689,Hidetoshi Nishijima,1971-3-29
4392528,Tôko Miura,1996-10-20
1929776,Reika Kirishima,1972-8-5
12719478,Park Yu-rim,
12719479,Jin Dae-yeon,
12719480,"Sonia Yuan
(I)",
13161402,Ahn Hwitae,
2015658,Perry Dizon,
1209115,"Satoko Abe
(I)",
11631351,"Hiroko Matsuda
(II)",
3825417,Toshiaki Inomata,
6228555,"Takako Yamamura
(I)",
3628358,Ryô Iwase,1980-10-11
13282089,"Faisal Anwar
(III)",
11757604,Kamal Zharif,
2950254,"Massimo Biondi
(I)",
2873228,Shôichirô Tanigawa,
4164317,"Keiko Nishi
(III)",1977-4-16
3053338,Margot Robbie,1990-7-2
0252961,Idris Elba,1972-9-6
1078479,"John Cena
(I)",1977-4-23
1172478,Joel Kinnaman,1979-11-25
0740264,"Michael Rooker
(I)",1955-4-6
0205626,"Viola Davis
(I)",1965-8-11
1694619,"John Ostrander
(I)",1949-4-20
0277213,Nathan Fillion,1971-3-27
2541974,Jai Courtney,1986-3-15
2887579,Flula Borg,1982-3-28
5941251,Mayling Ng,
0203457,"Pete Davidson
(I)",1993-11-16
0348231,"Sean Gunn
(I)",1974-5-22
0002888,Stephen Blackehart,1967-12-1
0012948,Steve Agee,1969-2-26
1800191,Tinashe Kajese,
1684744,"Jennifer Holland
(II)",1987-11-9
3867385,"Fernando Martinez
(VIII)",
5290643,"Tom Bateman
(III)",1989-3-15
0000906,Annette Bening,1958-5-29
0000110,Kenneth Branagh,1960-12-10
1258970,"Russell Brand
(I)",1975-6-4
0745860,"Michael Rouse
(II)",
2349733,Alaa Safi,1984-9-26
0780539,Orlando Seale,1973-0-0
2758578,Charlie Anson,
11980205,"Danny Hughes
(VII)",
11831019,Sam James Page,
10778359,"James Schofield
(V)",
10299345,George Jaques,
10499779,Jonah Rzeskiewicz,
9880999,Eleanor de Rohan,
3220499,Susannah Fielding,1985-6-10
0305081,"Adam Garcia
(I)",1973-6-1
0912012,"Rick Warden
(I)",1971-9-29
0925274,"Noel White
(I)",
1176985,Dave Bautista,1969-1-18
3480246,Ella Purnell,1996-9-17
0478886,Ana de la Reguera,1977-4-8
1165044,Omari Hardwick,1974-1-9
0744331,Theo Rossi,1975-6-4
0777788,Matthias Schweighöfer,1981-3-11
2482391,Nora Arnezeder,1989-5-8
0760796,"Hiroyuki Sanada
(I)",1960-10-12
0226813,Garret Dillahunt,1964-11-24
0449299,Tig Notaro,1971-3-24
1950004,"Raúl Castillo
(II)",1977-8-30
4806622,Huma Qureshi,1986-7-28
3287954,Samantha Win,1991-3-29
0149150,Richard Cetrone,1961-7-13
1746980,"Michael Cassidy
(VI)",1983-3-20
2788802,Steve Corona,
3803706,Chelsea Edmundson,1988-8-31
3758697,Zach Rose,
5896355,Anya Taylor-Joy,1996-4-16
0408591,Ralph Ineson,1969-12-15
0225483,Kate Dickie,1971-4-25
0724995,Julian Richings,1955-9-8
4308860,Harvey Scrimshaw,
5636909,Ellie Grainger,2004-0-0
3453433,"Lucas Dawson
(I)",
0307796,Bathsheba Garnett,1925-9-17
3893840,"Sarah Stephens
(II)",1990-6-7
5986523,"Daniel Malik
(II)",1992-3-31
8128813,Axtun Henry Dube,
8128814,Athan Conrad Dube,
4770265,Viv Moore,
8128815,Karen Kaeja,
4289180,Brandy Leary,
0855997,R. Hope Terry,
1307853,Carrie Eklund,
7009147,Madlen Sopadzhiyan,
0185819,"Daniel Craig
(I)",1968-3-2
1869101,Ana de Armas,1988-4-30
1785339,Rami Malek,1981-5-12
2244205,Léa Seydoux,1985-7-1
2736476,Lashana Lynch,1987-11-27
0000146,Ralph Fiennes,1962-12-22
0924210,Ben Whishaw,1980-10-14
0365140,Naomie Harris,1976-9-6
1239499,Rory Kinnear,1976-2-17
0942482,"Jeffrey Wright
(I)",1965-12-7
2915105,Billy Magnussen,1985-4-20
0910607,Christoph Waltz,1956-10-4
1399770,David Dencik,1974-10-31
8437705,Dali Benssalah,
11645469,Lisa-Dorah Sonnet,
12986347,Coline Defaud,
6749529,Mathilde Bourbin,
0219465,"Hugh Dennis
(I)",1962-2-13
0000190,Matthew McConaughey,1969-11-4
0000702,Reese Witherspoon,1976-3-22
0424060,Scarlett Johansson,1984-11-22
1812991,"Tori Kelly
(I)",1992-12-14
5473782,Taron Egerton,1989-11-10
1802209,Nick Kroll,1978-6-5
1134029,Garth Jennings,1972-0-0
0766837,"Jennifer Saunders
(I)",1958-7-6
2003229,Chelsea Peretti,1978-2-20
0134072,Bobby Cannavale,1970-5-3
0644406,"Nick Offerman
(I)",1970-6-26
0125511,Adam Buxton,1969-6-7
2765191,"Eric André
(I)",1984-4-4
7214498,"Halsey
(I)",1994-9-29
4004793,Letitia Wright,1993-10-31
0095104,"Bono
(I)",1960-5-10
1214289,Pharrell Williams,1973-4-5
0204919,"Julia Davis
(I)",1966-8-25
0356021,"Regina Hall
(I)",1970-12-12
6312506,"Zoe Renee
(III)",1997-5-30
7665527,Julia Nightingale,2000-3-26
7867621,Talia Ryder,
4457775,"Ella Hunt
(I)",1998-4-29
10332396,Noa Fisher,
9586900,Anna Van Patten,
4526400,D.C. Anderson,
3406871,Angela Grovey,
6813707,Will Hochman,
6214879,John Kroft,
1996454,"Amber Gray
(I)",1981-4-2
0022883,Bruce Altman,1955-7-3
0051104,Talia Balsam,1959-3-5
4526977,"Kara Young
(III)",
4868086,Emmett Carnahan,
1344255,"Megan Byrne
(I)",
0144232,Orlagh Cassidy,
0000113,Sandra Bullock,1964-7-26
1475594,Channing Tatum,1980-4-26
0705356,Daniel Radcliffe,1989-7-23
5007768,Da'Vine Joy Randolph,1986-5-21
0000093,Brad Pitt,1963-12-18
1386645,"Oscar Nuñez
(I)",1958-11-18
8773928,"Patti Harrison
(II)",1990-10-31
6299248,Bowen Yang,1990-11-6
1732221,Slang,
0697824,Joan Pringle,1945-6-2
6029605,Héctor Aníbal,1975-2-26
9006483,Thomas Forbes-Johnson,
2127522,Sli Lewis,
1553436,Olga Bucarelli,
1519639,"Adam Nee
(I)",1981-7-19
3100463,"Raymond Lee
(X)",1987-2-5
3110647,Omar Patin,
0023238,"Anthony Alvarez
(I)",1970-1-31
0000190,Matthew McConaughey,1969-11-4
0004266,Anne Hathaway,1982-11-12
1567113,Jessica Chastain,1977-3-24
3237775,Mackenzie Foy,2000-11-10
0000995,Ellen Burstyn,1932-12-7
0001475,"John Lithgow
(I)",1945-10-19
3154303,Timothée Chalamet,1995-12-27
0654648,David Oyelowo,1976-4-1
2180792,Collette Wolfe,1980-4-4
0565133,Francis X. McCarthy,1942-2-15
0410347,"Bill Irwin
(I)",1950-4-11
0095960,Andrew Borba,
0004747,"Wes Bentley
(I)",1978-9-4
0001137,William Devane,1939-9-5
0000323,"Michael Caine
(I)",1933-3-14
1408543,David Gyasi,1980-1-2
1577637,"Josh Stewart
(II)",1977-2-6
0000729,Casey Affleck,1975-8-12
0687146,Jesse Plemons,1988-4-2
0000138,Leonardo DiCaprio,1974-11-11
0000409,Brendan Fraser,1968-12-3
0000134,Robert De Niro,1943-8-17
0179224,"Barry Corbin
(I)",1940-10-16
0001475,"John Lithgow
(I)",1945-10-19
1209413,Louis Cancelmi,
0001987,Tantoo Cardinal,1950-7-20
0033505,Nathaniel Arcand,1971-11-13
0533323,J.C. MacKenzie,1970-10-17
0667350,Jay Paulson,1978-5-29
0372366,"Pat Healy
(I)",1971-9-14
4291409,Lily Gladstone,1986-8-2
0159609,Joe Chrest,
0059630,Gary Basaraba,1959-3-16
1208725,Joshua Close,1981-8-31
1877441,Tatanka Means,1985-2-19
2534638,Michael Abbott Jr.,1978-7-8
5052065,Ansel Elgort,1994-3-14
10399505,Rachel Zegler,2001-5-3
3663196,Ariana DeBose,1991-1-25
3174725,"David Alvarez
(VI)",1994-5-11
0001549,"Rita Moreno
(I)",1931-12-11
0195421,Brian d'Arcy James,1968-6-29
1015684,Corey Stoll,1976-3-14
4576311,Mike Faist,1992-1-5
10399506,Josh Andrés Rivera,
10772681,Iris Menas,
5822012,David Aviles Morales,
7756613,Sebastian Serra,
10772682,"Ricardo Zayas
(II)",
10772686,Carlos E. Gonzalez,
5080141,Ricky Ubeda,
10772684,Andrei Chagas,
10772685,Adriel Flete,
6668520,Jacob Guzman,
4561559,Renate Reinsve,1987-11-24
0509264,Anders Danielsen Lie,1979-1-1
5122260,Herbert Nordrum,
1282571,Hans Olav Brenner,
5014499,Helene Bjørneby,
0761374,Vidar Sandem,1947-2-19
3114945,Maria Grazia Di Meo,
12135926,"Lasse Gretland
(IV)",
12135927,Karen Røise Kielland,
0471932,Marianne Krogh,1956-3-10
0820883,Thea Stabell,1939-7-4
9809753,"Deniz Kaya
(III)",
12135935,Eia Skjønsberg,
8351516,Ruby Dagnall,
3462763,Torgny Amdam,
9577608,Rebekka Jynge,
6270933,Sigrid Sollund,
13003845,Are Skeie Hermansen,
6073955,Florence Pugh,1996-1-3
2930503,Jack Reynor,1992-1-23
9859585,Vilhelm Blomgren,
2860379,William Jackson Harper,1980-2-8
2401020,Will Poulter,1993-1-28
4089168,Ellora Torchia,
5994098,Archie Madekwe,
0635419,Henrik Norlén,1970-9-2
0292708,Gunnel Fred,1955-8-29
8821891,Isabelle Grill,
3692656,Agnes Westerlund Rase,
1743101,Julia Ragnarsson,1992-7-30
0088951,"Mats Blomgren
(I)",1960-4-12
0904880,Lars Väringer,1951-8-20
1143882,"Anna Åström
(I)",
8347333,Hampus Hallberg,
1203571,Liv Mjönes,1979-9-18
1173000,Louise Peterhoff,1977-5-12
4454223,Emilia Jones,2002-2-23
0559144,Marlee Matlin,1965-8-24
1319274,Troy Kotsur,1968-7-24
3310289,"Daniel Durant
(I)",1989-12-24
0278468,"John Fiore
(I)",
0267772,Lonnie Farmer,
0152430,"Kevin Chapman
(I)",
5046593,"Amy Forsyth
(I)",1995-8-6
2972597,"Courtland Jones
(II)",1984-7-13
7852691,Molly Beth Thomas,
6916321,Ferdia Walsh-Peelo,1999-10-12
3008060,Ayana Brown,
1655232,Jason Pugatch,
9809074,Kyana Fanene,
12277978,Anilee List,
0220240,Eugenio Derbez,1962-9-2
9099862,Stone Martin,
12277980,"Maeve Chapman
(II)",
0177896,"Bradley Cooper
(I)",1975-1-5
0000949,Cate Blanchett,1969-5-14
0001057,Toni Collette,1972-11-1
0000353,Willem Dafoe,1955-7-22
0420955,"Richard Jenkins
(I)",1947-5-4
1913734,Rooney Mara,1985-4-17
0000579,"Ron Perlman
(I)",1950-4-13
0005460,Mary Steenburgen,1953-2-8
0000657,David Strathairn,1949-1-26
0693957,Mark Povinelli,1971-8-9
0534132,"Peter MacNeill
(I)",
0564697,Holt McCallany,1963-9-3
2167957,"Paul Anderson
(XVIII)",
1892299,Lara Jean Chorostecki,1984-9-24
0064769,"Jim Beaver
(I)",1950-8-12
0004286,Clifton Collins Jr.,1970-6-16
0625789,Tim Blake Nelson,1964-5-11
0382110,"David Hewlett
(III)",1968-4-18
1519666,Eddie Redmayne,1982-1-6
2239702,Katherine Waterston,1980-3-3
0283945,Dan Fogler,1976-10-20
0000136,Johnny Depp,1963-6-9
2295590,"Kevin Guthrie
(III)",
0252238,Carmen Ejogo,1973-10-22
0745051,Wolf Roth,1944-8-30
2368789,Zoë Kravitz,1988-12-1
4360085,Callum Turner,
0725701,Derek Riddell,1967-1-11
0180259,Cornell John,
3009232,"Ezra Miller
(I)",1992-9-30
0797614,Ingvar Sigurdsson,1963-11-22
5304426,Poppy Corby-Tuech,
1049273,"Andrew Turner
(I)",
3007817,Maja Bloom,
0574873,Simon Meacock,
2077159,David Sakurai,1979-7-19
4689420,Carrie Coon,1981-1-24
0748620,"Paul Rudd
(I)",1969-4-6
6016511,Finn Wolfhard,2002-12-23
5085683,Mckenna Grace,2006-6-25
10594234,"Logan Kim
(II)",
9305936,Celeste O'Connor,1998-12-2
0000195,"Bill Murray
(I)",1950-9-21
0000101,Dan Aykroyd,1952-7-1
0001368,Ernie Hudson,1945-12-17
0001633,"Annie Potts
(I)",1952-10-28
0000244,"Sigourney Weaver
(I)",1949-10-8
0348409,Bob Gunton,1945-11-15
0799777,J.K. Simmons,1955-1-9
3955737,Shawn Seward,
10656677,Billy Bryk,1999-10-31
9630002,Sydney Mae Diaz,
3809439,"Hannah Duke
(I)",
0940158,Bokeem Woodbine,1973-4-13
0005377,"Sam Rockwell
(I)",1968-11-5
0549505,Marc Maron,1963-9-27
5377144,Awkwafina,1988-6-2
0732497,"Craig Robinson
(I)",1971-10-25
6588867,"Anthony Ramos
(VIII)",1991-11-1
1547964,Richard Ayoade,1977-5-23
5939164,Zazie Beetz,1991-6-1
0097504,Alex Borstein,1971-2-15
6530360,Lilly Singh,1988-9-26
0329361,Barbara Goodson,1949-8-16
0607434,Dina Morrone,
0324233,Michael Godere,1976-3-12
13491202,Kelly Cooney Cilella,
0230666,Walt Dohrn,1970-12-5
1019583,David P. Smith,1968-0-0
13491203,"John Venzon
(IV)",
2157365,Jesse Averna,
0424216,Johnny Knoxville,1971-3-11
0828177,Steve-O,1974-6-13
0690686,"Chris Pontius
(I)",1974-7-16
0257424,"Dave England
(I)",1969-12-30
0569199,Ehren McGhehey,1976-11-29
0010338,Jason 'Wee Man' Acuña,1973-5-16
1035634,Preston Lacy,1969-8-14
4926932,Davon Wilson,1990-9-28
1719646,Sean McInerney,1986-10-21
9301658,Zach Holmes,1991-9-11
9265587,Eric Manaka,
10559277,Rachel Wolfson,
5606969,Compston Wilson,1968-11-23
0871860,Jeff Tremaine,
1029269,Dimitry Elyashkevich,1975-2-23
1079524,"Sean Cliver
(I)",
1017027,"Trip Taylor
(I)",
1076859,Greg Iguchi,
3614913,Zoey Deutch,1994-11-10
0753314,Mark Rylance,1960-1-18
3729721,"Dylan O'Brien
(II)",1991-8-26
1926865,"Johnny Flynn
(III)",1983-3-14
0025458,Nikki Amuka-Bird,1976-2-27
0750971,Simon Russell Beale,1961-1-12
0565611,Johnathan McClain,
6838188,Alan Mehdizadeh,1982-9-4
9637346,Chiedu Agborh,
11260165,Michal Forejtek,1992-12-3
2967359,Scoop Wasserstein,
6522599,Michael Addo,
13564858,Steve Chatfield,
13564856,John Gumley-Mason,
13564861,"Ryan Hall
(XLVII)",
13564859,Lauris Karklins,
13564860,William Keetch,
13564857,"Stephen Knox
(IV)",
0000115,Nicolas Cage,1964-1-7
0050959,Pedro Pascal,1975-4-2
0000193,Demi Moore,1962-11-11
0778501,Jacob Scipio,1993-1-0
1840504,Tiffany Haddish,1979-12-3
0000439,Neil Patrick Harris,1973-6-15
0054697,Ike Barinholtz,1977-2-18
1279721,Sharon Horgan,1970-7-13
1080764,Joanna Bobin,
2091852,Lily Mo Sheen,1999-1-31
1616937,Alessandra Mastronardi,1986-2-18
2897828,Eli Jane,1979-6-7
4104437,"Anna MacDonald
(V)",
9016307,Katrin Vankova,
1346713,Paco León,1974-10-4
1992693,András Korcsmáros,1985-8-10
4931044,"Rebecca Finch
(I)",
4788175,Nick Wittman,
4712111,Sarah Yarkin,1993-5-28
3220568,Elsie Fisher,2003-4-3
0122511,"Mark Burnham
(I)",
3632976,Jacob Latimore,1996-8-10
3974805,Moe Dunford,1987-12-11
0288260,Olwen Fouéré,
6973777,Jessica Allain,
5430264,Nell Hudson,1990-11-19
0000481,Alice Krige,1954-6-28
0394054,"William Hope
(I)",1955-3-2
2870590,Jolyon Coy,1985-9-9
0002243,"Sam Douglas
(I)",1957-6-17
0488662,John Larroquette,1947-11-25
0000130,Jamie Lee Curtis,1958-11-22
0339460,Judy Greer,1975-7-20
5506858,Andi Matichak,
0183921,James Jude Courtney,1957-1-31
0145309,"Nick Castle
(I)",1947-9-21
2653003,Airon Armstrong,
0001599,"Will Patton
(I)",1954-6-14
3287038,"Thomas Mann
(V)",1991-9-27
3526993,"Jim Cummings
(V)",
4003553,"Dylan Arnold
(I)",1994-2-11
0519486,Robert Longstreet,
0001309,Anthony Michael Hall,1968-4-14
0194234,Charles Cyphers,1939-7-28
2509902,"Scott MacArthur
(II)",1979-8-6
0567912,"Michael McDonald
(XI)",1964-12-31
4661233,"Ross Bacon
(–2021)",
0724202,"Kyle Richards
(II)",1969-1-11
0827111,"Nancy Stephens
(I)",1949-7-2
1519680,Saoirse Ronan,1994-4-12
0914612,"Emma Watson
(II)",1990-4-15
6073955,Florence Pugh,1996-1-3
7340546,Eliza Scanlen,1999-1-6
0000368,Laura Dern,1967-2-10
3154303,Timothée Chalamet,1995-12-27
0504832,Tracy Letts,1965-7-4
0644022,Bob Odenkirk,1962-10-22
3584268,"James Norton
(VIII)",1985-7-18
0308039,Louis Garrel,1983-6-14
1159251,Jayne Houdyshell,1953-9-25
0177933,"Chris Cooper
(I)",1951-7-9
0000658,Meryl Streep,1949-6-22
9770180,"Rafael Silva
(XIII)",1990-9-7
6251353,Mason Alban,
9189209,Emily Edström,
0687694,Maryann Plunkett,1953-0-0
6044874,Hadley Robinson,1995-1-0
0002907,Alexander Skarsgård,1976-8-25
0000173,Nicole Kidman,1967-6-20
0051903,Claes Bang,1967-4-28
0000160,Ethan Hawke,1970-11-6
5896355,Anya Taylor-Joy,1996-4-16
6625833,Gustav Lindh,1995-6-4
11830110,"Elliott Rose
(I)",
0000353,Willem Dafoe,1955-7-22
4969843,"Phill Martin
(II)",
6198408,Eldar Skar,
0288260,Olwen Fouéré,
11542893,Edgar Abram,
7801403,Jack Gassmann,
0797614,Ingvar Sigurdsson,1963-11-22
10861182,Oscar Novak,
1546538,"Jack Walsh
(VII)",
0001951,Björk,1965-11-21
1613839,"Ian Whyte
(II)",1971-9-17
4855517,Simu Liu,1989-4-19
5377144,Awkwafina,1988-6-2
0504897,Tony Chiu-Wai Leung,1962-6-27
0001426,Ben Kingsley,1943-12-31
12000124,Meng'er Zhang,1987-4-22
2371196,Fala Chen,1982-2-24
0000706,Michelle Yeoh,1962-8-6
0950757,Wah Yuen,1950-9-2
8108730,Florian Munteanu,
5869658,"Andy Le
(III)",
1592063,Paul W. He,
12514072,Jayden Zhang,
12883072,Elodie Fong,
12839220,Arnold Sun,
3513533,Stephanie Hsu,1990-11-25
4124946,Kunal Dudheker,
0157796,Tsai Chin,1933-9-1
0519023,"Jodi Long
(I)",1954-1-7
0005517,Gabrielle Union,1972-10-29
0103785,Zach Braff,1975-4-6
0159776,"Erika Christensen
(I)",1982-8-19
1185445,Timon Kyle Durrett,
5804646,Journee Brown,
4814017,Kylie Rogers,2004-2-18
4356347,"Andre Robinson
(III)",
12348405,Caylee Blosenski,
5619095,Aryan Simhadri,
12270022,Leo Abelo Perry,
7835124,Mykal-Michelle Harris,2012-3-6
11944732,"Christian Cote
(II)",
11944731,Sebastian Cote,
8302891,Luke Prael,2002-11-26
0199590,"Brittany Daniel
(I)",1976-3-17
0199603,Cynthia Daniel,1976-3-17
1158732,Simeon Othello Daise,
11217363,Alijah Francis,
1212722,Benedict Cumberbatch,1976-7-19
0000379,Kirsten Dunst,1982-4-30
0687146,Jesse Plemons,1988-4-2
2240346,Kodi Smit-McPhee,1996-6-13
0501501,Geneviève Lemon,0-4-21
0705680,Kenneth Radley,
2407067,"Sean Keenan
(II)",1993-1-18
2277047,"George Mason
(IV)",
9078712,Ramontay McConnell,
7212536,"David Denis
(IV)",
1959207,Cohen Holloway,
12858638,Max Mata,
8187625,"Josh Owen
(IV)",
4592485,"Alistair Sewell
(I)",
0132426,"Eddie Campbell
(I)
(1949–2020)",1949-0-0
2129444,Alice Englert,1994-6-15
4277617,"Bryony Skillington
(I)",
0238444,Jacque Drew,1964-2-28
3434305,Abbi Jacobson,1984-2-1
1144419,"Danny McBride
(IV)",1976-12-29
0748973,Maya Rudolph,1972-7-27
5106831,Michael Rianda,
2765191,"Eric André
(I)",1984-4-4
1469236,Olivia Colman,1974-1-30
0035488,Fred Armisen,1966-12-4
3080722,Beck Bennett,
4178979,Chrissy Teigen,1985-11-30
1775466,"John Legend
(I)",1978-12-28
2304722,Charlyne Yi,1986-1-4
3386916,"Blake Griffin
(II)",1989-3-16
0005277,Conan O'Brien,1963-4-18
8879034,Doug the Pug,
3596979,Melissa Sturm,
2511956,Doug Nicholas,
6421259,Madeleine McGraw,2008-12-22
12518685,Ellen Wightman,
1869101,Ana de Armas,1988-4-30
0004778,Adrien Brody,1973-4-14
0134072,Bobby Cannavale,1970-5-3
0629855,Julianne Nicholson,1971-7-1
0226813,Garret Dillahunt,1964-11-24
0936607,Rebecca Wisocky,1971-11-12
1058940,Scoot McNairy,1977-11-11
0668139,Sara Paxton,1988-4-25
0403947,Toby Huss,1966-12-9
0308208,"Spencer Garrett
(I)",1963-9-19
1882152,"Xavier Samuel
(I)",1983-12-10
2192439,Lucy DeVito,1983-3-11
0219748,"Catherine Dent
(I)",1965-4-14
2251716,"Haley Webb
(I)",1985-11-25
0930570,"Evan Williams
(I)",
0124873,"Dan Butler
(I)",1954-12-2
0726180,Eden Riegel,1981-1-1
0068709,Ned Bellamy,1957-5-7
2064295,Utkarsh Ambudkar,1983-12-8
1039930,Sean Kenin,1972-10-7
2482007,"Jake Green
(I)",
13153558,"Aaron Harris
(XXXV)",
0005051,Dominique Jennings,1965-10-30
0532461,Justina Machado,1972-9-6
0670408,Simon Pegg,1970-2-14
1043126,Skyler Stone,1979-1-1
1925154,Vincent Tong,1980-5-2
0096190,Theodore Borders,1982-8-25
0364814,"Jason Harris
(I)",1969-7-25
8057105,"Kristin McGuire
(II)",
3887139,Shakira Ja'nai Paye,
0741612,Peter Pamela Rose,
6200172,Jason Linere-White,
0000237,John Travolta,1954-2-18
0000235,Uma Thurman,1970-4-29
0000168,Samuel L. Jackson,1948-12-21
0000246,"Bruce Willis
(I)",1955-3-19
0000619,"Tim Roth
(I)",1961-5-14
0001625,"Amanda Plummer
(I)",1957-3-23
0522503,Laura Lovelace,
0482851,Phil LaMarr,1967-1-24
0001844,"Frank Whaley
(I)",1963-7-20
0824882,Burr Steers,1965-10-8
0000609,Ving Rhames,1959-5-12
0129538,"Paul Calderon
(I)",1959-0-0
0302345,Bronagh Gallagher,1972-0-0
0000275,Rosanna Arquette,1959-8-10
0000655,"Eric Stoltz
(I)",1961-9-30
0387533,Jerome Patrick Hoban,
0318402,"Michael Gilden
(1962–2006)",1962-9-22
0794967,Gary Shorelle,
5301405,Mia Goth,1993-10-25
4911194,Jenna Ortega,2002-9-27
0811242,"Brittany Snow
(I)",1986-3-9
3264596,Kid Cudi,1984-1-30
0376540,"Martin Henderson
(I)",1974-10-8
3338805,"Owen Campbell
(I)",
0881831,Stephen Ure,1958-3-28
1197230,James Gaylyn,1954-2-20
0695306,Simon Prast,
0230781,"Geoff Dolan
(I)",1964-12-29
2286906,Matthew J. Saville,
4277617,"Bryony Skillington
(I)",
0000117,Neve Campbell,1973-10-3
0001073,Courteney Cox,1964-6-15
0000274,"David Arquette
(I)",1971-9-8
4574440,"Melissa Barrera
(III)",1990-7-4
4425051,"Jack Quaid
(I)",1992-4-24
5700898,Mikey Madison,1999-3-25
4911194,Jenna Ortega,2002-9-27
1910255,Dylan Minnette,1996-12-29
5506401,Jasmin Savoy Brown,1994-3-21
2864252,Mason Gooding,1996-11-14
5344800,Sonia Ammar,1999-2-19
0005420,"Marley Shelton
(I)",1974-4-12
0000240,Skeet Ulrich,1970-1-20
0973177,Kyle Gallner,1986-10-22
1811747,Chester Tam,
8677810,Reggie Conquest,
0000525,Heather Matarazzo,1982-11-10
0196658,Brooke Barnhill,
0001674,"Chris Rock
(I)",1965-2-7
0001774,Ben Stiller,1965-11-30
0001710,"David Schwimmer
(I)",1966-11-2
0000586,Jada Pinkett Smith,1971-9-18
0056187,Sacha Baron Cohen,1971-10-13
0147825,Cedric the Entertainer,1964-4-24
0725200,"Andy Richter
(I)",1966-10-28
0569891,"Tom McGrath
(IV)",1964-8-7
0971017,"Christopher Knights
(I)",1972-10-18
1844237,"Chris Miller
(V)",1968-1-20
0970447,"Conrad Vernon
(I)",1968-7-11
0201509,"Eric Darnell
(I)",1961-8-21
0184748,David Cowgill,1960-12-8
0032151,Steve Apostolina,1958-10-9
0672330,"Elisa Gabrielli
(I)",1959-0-0
0661490,Devika Parikh,1966-11-3
1019583,David P. Smith,1968-0-0
0970606,"Cody Cameron
(I)",1970-10-12
2353862,"Dev Patel
(I)",1990-4-23
2539953,Alicia Vikander,1988-10-3
0249291,Joel Edgerton,1974-6-23
0002004,Sarita Choudhury,1966-8-18
8272760,Anaïs Rizzo,1997-5-11
2208050,"Joe Anderson
(VII)",
1440097,"Noelle Brown
(I)",
12778428,Nita Mishra,
11387014,Tara Mae,
5160752,Atheena Frizzell,
0365317,"Sean Harris
(I)",1966-0-0
0225483,Kate Dickie,1971-4-25
0570375,Chris McHallem,1960-0-0
0408591,Ralph Ineson,1969-12-15
12778430,"Emmet O'Brien
(II)",
0175796,"Brendan Conroy
(I)",
0189724,Donncha Crowley,
4422686,Barry Keoghan,1992-10-17
1475594,Channing Tatum,1980-4-26
9208180,Ryder McLaughlin,
3590810,Aavi Haas,
4380467,"Luke Forbes
(I)",
12450894,Donovan Hunter,
13409893,Peter Ostrander,
13409894,Trey Panella,
9251120,Patrick Perlaky,
11577563,"Devin White
(XIII)",
12450892,"John Dixon
(LVII)",
12450891,Trent McDonald,
2750563,"Luke Jones
(V)",
6530137,Skyler Joy,
1658627,Cole Walliser,1981-7-15
3121198,Tory Freeth,1993-10-22
2111860,Patricia Isaac,
13409895,Ann Drake Forbes,
8287501,Emmy Raver-Lampman,1988-9-5
0000111,"Matthew Broderick
(I)",1962-3-21
0000460,Jeremy Irons,1948-9-19
0000469,James Earl Jones,1931-1-17
0000155,Whoopi Goldberg,1955-11-13
0000100,Rowan Atkinson,1955-1-6
0129295,Niketa Calame-Harris,1980-11-10
0191906,"Jim Cummings
(I)",1952-11-3
0347039,"Robert Guillaume
(1927–2017)",1927-11-30
0446702,"Moira Kelly
(I)",1968-3-6
0001447,"Nathan Lane
(I)",1956-2-3
0494922,"Zoe Leader
(1949–2015)",1949-7-1
0001507,Cheech Marin,1946-7-13
0754676,Ernie Sabella,1949-9-19
0801672,"Madge Sinclair
(1938–1995)",1938-4-28
0001795,"Jonathan Taylor Thomas
(I)",1981-9-8
0919798,"Frank Welker
(I)",1946-3-12
0146681,Cathy Cavadini,1961-4-21
0243804,Judi M. Durand,
0000146,Ralph Fiennes,1962-12-22
2605345,Gemma Arterton,1986-2-2
0406975,Rhys Ifans,1967-7-22
6170168,"Harris Dickinson
(I)",1996-6-24
0005023,Djimon Hounsou,1964-4-24
6578548,Shaun Yusuf McKee,
5391162,"Peter York
(V)",
0328828,"Matthew Goode
(I)",1978-4-3
0001097,"Charles Dance
(I)",1946-10-10
0487884,Alexandra Maria Lara,1978-11-12
11742393,"Alexander Shaw
(V)",
5906148,Bevan Viljoen,
0779785,"Shaun Scott
(I)",1954-0-0
1527333,Andrew Bridgmont,
3689528,Olivier Richters,
5638960,Valerie Pachner,1987-6-26
0117709,"Daniel Brühl
(I)",1978-6-16
2056274,"Joel Basman
(I)",1990-1-23
0001736,Pauly Shore,1968-2-1
1417647,Jon Heder,1977-10-26
0444786,"Tom Kenny
(I)",1962-7-13
0409654,Dmitriy Iosifov,1965-10-22
9301064,Eliza Martirosova,
9867879,"Filipp Lebedev
(II)",
6362474,Diomid Vinogradov,
5506509,Irina Kireeva,
2428881,Anton Eldarov,
0901312,Aleksey Voytyuk,
6362473,Aleksandr Gavrilin,
8840305,Ryan Broderick,
12752967,Vitaliy Loiko,
0147147,Henry Cavill,1983-5-5
0000255,Ben Affleck,1972-8-15
2933757,Gal Gadot,1985-4-30
0010736,"Amy Adams
(III)",1974-8-20
3570321,"Ray Fisher
(V)",
0597388,Jason Momoa,1979-8-1
3009232,"Ezra Miller
(I)",1992-9-30
0000353,Willem Dafoe,1955-7-22
0251986,Jesse Eisenberg,1983-10-5
0000460,Jeremy Irons,1948-9-19
0000178,"Diane Lane
(I)",1965-1-22
0001567,"Connie Nielsen
(I)",1965-7-3
0799777,J.K. Simmons,1955-1-9
0001354,Ciarán Hinds,1953-2-9
4404779,Ryan Zheng,1986-4-17
1720028,Amber Heard,1986-4-22
0608012,"Joe Morton
(I)",1947-10-18
2966840,Lisa Loven Kongsli,1979-9-23
0000138,Leonardo DiCaprio,1974-11-11
2225369,"Jennifer Lawrence
(III)",1990-8-15
0000658,Meryl Streep,1949-6-22
0000949,Cate Blanchett,1969-5-14
1726032,"Rob Morgan
(IV)",1973-2-24
1706767,Jonah Hill,1983-12-20
0753314,Mark Rylance,1960-1-18
1347153,"Tyler Perry
(I)",1969-9-14
3154303,Timothée Chalamet,1995-12-27
0000579,"Ron Perlman
(I)",1950-4-13
3812858,Ariana Grande,1993-6-26
3264596,Kid Cudi,1984-1-30
2797744,Himesh Patel,1990-10-13
0001491,Melanie Lynskey,1977-5-16
0004821,Michael Chiklis,1963-8-30
0803037,Tomer Sisley,1974-8-14
0002117,"Paul Guilfoyle
(II)",1949-4-28
0431451,"Robert Joy
(I)",1951-8-17
2110418,Gemma Chan,1982-11-29
0534635,"Richard Madden
(I)",1986-6-18
0001401,Angelina Jolie,1975-6-4
0000161,Salma Hayek,1966-9-2
3229685,Kit Harington,1986-12-26
3529685,Kumail Nanjiani,
7186321,Lia McHugh,
3109964,Brian Tyree Henry,1982-3-31
4248765,Lauren Ridloff,1978-4-6
4422686,Barry Keoghan,1992-10-17
3011350,Ma Dong-seok,1971-3-1
0665370,"Harish Patel
(I)",1953-7-5
0803889,Bill Skarsgård,1990-8-9
1896736,Haaz Sleiman,1976-7-1
12025537,Esai Daniel Cross,
4089170,Harry Styles,1994-2-1
13061684,"Alan Scott
(XLI)",
8992586,"Hannah Dodd
(III)",1995-5-17
0781981,Jason Segel,1980-1-18
2934314,"Lily Collins
(I)",1989-3-18
0687146,Jesse Plemons,1988-4-2
2077552,Omar Leyva,
0005351,"Ryan Reynolds
(I)",1976-10-23
3069650,Jodie Comer,1993-3-11
0169806,Taika Waititi,1975-8-16
2577076,"Lil Rel Howery
(I)",1979-12-17
6564737,Joe Keery,1992-4-24
2064295,Utkarsh Ambudkar,1983-12-8
1475594,Channing Tatum,1980-4-26
9619603,Aaron W Reed,
4162863,Britne Oldford,1992-7-23
8814069,Camille Kostek,1992-2-19
0481884,Mark Lainer,
10873230,"Mike Devine
(XIV)",
1053641,"Sophie Levy
(II)",
0779881,"Vernon Scott
(II)",
3608877,"Naheem Garcia
(I)",
3313805,Anabel Graetz,
8039101,Ric Plamenco,
5199565,Kenneth Israel,
0000008,"Marlon Brando
(I)
(1924–2004)",1924-4-3
0000199,"Al Pacino
(I)",1940-4-25
0001001,"James Caan
(I)",1940-3-26
0000473,Diane Keaton,1946-1-5
0144710,"Richard S. Castellano
(1933–1988)",1933-9-4
0000380,"Robert Duvall
(I)",1931-1-5
0001330,"Sterling Hayden
(I)
(1916–1986)",1916-3-26
0549134,"John Marley
(I)
(1907–1984)",1907-10-17
0002017,"Richard Conte
(I)
(1910–1975)",1910-3-24
0504803,"Al Lettieri
(1928–1975)",1928-2-24
0001820,"Abe Vigoda
(I)
(1921–2016)",1921-2-24
0001735,Talia Shire,1946-4-25
0751625,"Gianni Russo
(I)",1943-12-12
0001030,"John Cazale
(1935–1978)",1935-8-12
0094036,"Rudy Bond
(1912–1982)",1912-10-1
0553887,"Al Martino
(I)
(1927–2009)",1927-10-7
0455088,"Morgana King
(1930–2018)",1930-6-4
0598926,"Lenny Montana
(1926–1992)",1926-3-13
0512071,Vincent Lindon,1959-7-15
5777565,Agathe Rousselle,1988-6-14
4469165,Garance Marillier,1998-2-11
9593750,Laïs Salameh,
9793742,Mara Cisse,
12510150,Marin Judas,
8279922,Diong-Kéba Tacu,
4159235,Myriem Akheddiou,1978-9-27
0094274,Bertrand Bonello,1968-9-11
0141126,Céline Carrère,
12763716,Adèle Guigue,
12020078,Thibault Cathalifaud,
0296596,Dominique Frot,1957-8-23
6997926,Lamine Cissokho,
1211529,Florence Janas,
0418621,Frédéric Jardin,1968-5-24
12763717,Olivia Venner,
5630047,Thibault Villette,
0000932,Halle Berry,1966-8-14
0933940,"Patrick Wilson
(I)",1973-7-3
4263213,"John Bradley
(XXIV)",1988-9-15
4055138,"Charlie Plummer
(I)",1999-5-24
9531852,Wenwen Yu,
0671567,"Michael Peña
(III)",1976-1-13
3846494,Carolina Bartczak,
12051167,Zayn Maloney,
10012866,"Ava Weiss
(I)",
12289978,Hazel Nugent,
2937248,Chris Sandiford,1987-8-5
3388031,Jonathan Maxwell Silver,
2726710,Eme Ikwuakor,
0091505,Stephen Bogaert,0-9-9
0747114,Maxim Roy,1972-3-7
4509855,"Ryan Bommarito
(I)",
0270268,Kathleen Fee,
0000661,"Donald Sutherland
(I)",1935-7-17
3715867,Stephanie Beatriz,1981-2-10
1239720,María Cecilia Botero,1955-5-13
0000491,John Leguizamo,1964-7-22
8871347,"Mauro Castillo
(III)",1978-6-6
8731846,Jessica Darrow,1995-1-7
0148382,Angie Cepeda,1974-8-2
1333962,Carolina Gaitan,1984-4-4
4058898,Diane Guerrero,1986-7-21
0005519,Wilmer Valderrama,1980-1-30
7968341,Rhenzy Feliz,1997-10-26
7418176,Ravi Cabot-Conyers,2011-2-12
4624481,Adassa,1987-2-5
8349062,Maluma,1994-1-28
0692419,Rose Portillo,1953-11-7
13117200,Noemi Josefina Flores,
4222238,"Juan Castano
(I)",1989-3-16
7362703,Sarah-Nicole Robles,1991-12-20
0253476,Hector Elias,1941-9-24
0000553,Liam Neeson,1952-6-7
0001644,"Aidan Quinn
(I)",1959-3-8
4973896,Taylor John Smith,
8287501,Emmy Raver-Lampman,1988-9-5
1834096,Claire van der Boom,
0832227,Yael Stone,1985-3-6
7689675,"Andrew Shaw
(XI)",
9821349,Zac Lemons,
12388161,Gabriella Sengos,
1039877,Tim Draxl,1981-10-8
2984397,Georgia Flood,
1363122,Caroline Brazier,1970-0-0
10628313,Mel Jarnson,1998-2-1
8490640,Sunny S. Walia,
2122539,Linc Hasler,
2766774,Anthony J. Sharpe,
6303932,Cam Faull,
0046591,Jasper Bagg,
1500155,Robert Pattinson,1986-5-13
0000353,Willem Dafoe,1955-7-22
10840078,Valeriia Karaman,1994-8-15
11125041,"Logan Hawkes
(V)",
5777181,Kyla Nicolle,
0164996,"Shaun Clarke
(I)
(1957–2020)",1957-7-18
2652673,"Pierre Richard
(V)",
1860965,Preston Hudson,
2496005,Jeffrey Cruts,
8257932,Sully Seagull,
0000190,Matthew McConaughey,1969-11-4
0000702,Reese Witherspoon,1976-3-22
0532235,Seth MacFarlane,1973-10-26
0424060,Scarlett Johansson,1984-11-22
0000604,"John C. Reilly
(I)",1965-5-24
5473782,Taron Egerton,1989-11-10
1812991,"Tori Kelly
(I)",1992-12-14
0766837,"Jennifer Saunders
(I)",1958-7-6
1617685,"Jennifer Hudson
(I)",1981-9-12
1134029,Garth Jennings,1972-0-0
0784818,Peter Serafinowicz,1972-7-10
1802209,Nick Kroll,1978-6-5
3080722,Beck Bennett,
3982894,Jay Pharoah,1987-10-14
0644406,"Nick Offerman
(I)",1970-6-26
0428656,"Leslie Jones
(II)",1967-9-7
0674231,Rhea Perlman,1948-3-31
0628170,Laraine Newman,1952-3-2
0010938,"Eboni Adams
(I)",
7522451,Kara Dyan Whitfield,
4650285,Fanny Rosen,
0063769,Charlie Bean,1970-8-10
13387173,Jake Bercovici,
0742502,Zachary Rosencrantz,1975-2-16
0129456,"Andrew Calder
(I)",1964-3-20
3688363,Anca Tiribeja,
2856960,Alberto Mielgo,
13551287,"John Duffin
(II)",
0000226,"Will Smith
(I)",1968-9-25
0001467,Jared Leto,1971-12-26
3053338,Margot Robbie,1990-7-2
0205626,"Viola Davis
(I)",1965-8-11
2968738,Jaime FitzSimons,
0054697,Ike Barinholtz,1977-2-18
0246024,"Christopher Dyson
(I)",1978-8-27
2262926,Bambadjan Bamba,1982-1-30
0926471,Ted Whittall,
1092086,"David Harbour
(I)",1975-4-10
0235960,Robin Atkin Downes,1976-9-6
0448302,Robert B. Kennedy,
0652893,Billy Otis,
5666795,Shailyn Pierre-Dixon,2003-6-1
0569651,"James McGowan
(I)",1960-5-30
1747924,Jim Parrack,1981-2-8
5770636,Derek Perks,
0996669,Common,1972-3-13
3154303,Timothée Chalamet,1995-12-27
0272581,"Rebecca Ferguson
(I)",1983-10-19
3918035,Zendaya,1996-9-1
1209966,"Oscar Isaac
(I)",1979-3-9
0597388,Jason Momoa,1979-8-1
0001745,Stellan Skarsgård,1951-6-13
0376610,Stephen McKinley Henderson,1949-8-31
0000982,Josh Brolin,1968-2-12
0000849,Javier Bardem,1969-3-1
1004267,Sharon Duncan-Brewster,1976-2-8
0151654,"Chang Chen
(III)",1976-10-14
1176985,Dave Bautista,1969-1-18
2810287,David Dastmalchian,1975-7-21
0001648,Charlotte Rampling,1946-2-5
2129802,Babs Olusanmokun,
7064768,Benjamin Clémentine,
0267256,Souad Faress,
0742929,Golda Rosheuvel,
2309517,Armie Hammer,1986-8-28
3154303,Timothée Chalamet,1995-12-27
0836121,Michael Stuhlbarg,1968-7-5
0142972,Amira Casar,1971-5-1
1081257,Esther Garrel,1991-2-18
4973460,Victoire Du Bois,
8747928,Vanda Capriolo,
8747929,Antonio Rimoldi,
1997283,Elena Bucci,
2000106,Marco Sgrosso,
6056595,André Aciman,
0817379,Peter Spears,
8787712,Maria Caggianelli Villani,
0000081,"Natalie Wood
(I)
(1938–1981)",1938-7-20
0001995,George Chakiris,1932-9-16
0000937,Richard Beymer,1939-2-20
0848560,Russ Tamblyn,1934-12-30
0001549,"Rita Moreno
(I)",1931-12-11
0643000,"Simon Oakland
(1915–1983)",1915-8-28
0321982,"Ned Glass
(1906–1984)",1906-4-1
0104245,"William Bramley
(I)
(1928–1985)",1928-4-18
0810233,"Tucker Smith
(I)
(1936–1988)",1936-4-24
0603286,Tony Mordente,1935-12-3
0200597,"David Winters
(I)
(1939–2019)",1939-4-5
0270914,Eliot Feld,1942-7-5
0584290,"Bert Michaels
(I)",1943-12-22
0063774,"David Bean
(I)",1939-12-4
0051551,"Robert Banas
(I)",1933-9-22
0853531,"Anthony 'Scooter' Teague
(1940–1989)",1940-1-4
0262823,"Harvey Evans
(I)
(1941–2021)",1941-1-7
0008065,"Tommy Abbott
(1934–1987)",1934-11-4
5057169,Thomasin McKenzie,2000-7-26
5896355,Anya Taylor-Joy,1996-4-16
1741002,"Matt Smith
(XI)",1982-10-28
0001671,"Diana Rigg
(I)
(1938–2020)",1938-7-20
4216045,Aimee Cassettari,
0878240,Rita Tushingham,1942-3-14
0532067,Colin Mace,
3915767,Michael Ajao,
8357122,Synnove Karlsen,
9438171,Jessie Mei Li,1995-8-27
6204053,Kassius Nelson,
7055742,Rebecca Harrod,
10417728,"Alan Mahon
(II)",
9692021,Connor Calland,1997-1-28
0572965,Pauline McLynn,1962-7-11
9831802,Josh Zaré,
0000654,Terence Stamp,1938-7-22
1242080,Jacqui-Lee Pryce,1974-2-25
8402992,Daisy Edgar-Jones,1998-5-24
1659221,Sebastian Stan,1982-8-13
6851510,Jojo T. Gibbs,
4490375,Andrea Bang,
3912883,Dayo Okeniyi,1988-6-14
3114649,Charlotte Le Bon,1986-9-4
2322192,Brett Dier,1990-2-14
7258379,Alina Maris,
1372589,William Belleau,
10832182,Lachlan Quarmby,
8761380,Sunghee Lapell,
4478640,Arghavan Jenati,
0408948,Anthony F. Ingram,1966-11-27
10223543,Frances Leigh,
9706622,Lance Birley,
0182099,"Joe Costa
(VI)",
5025950,"Larry Hoe
(I)",
4339274,"Scott McGrath
(III)",
0000288,Christian Bale,1974-1-30
0857620,Justin Theroux,1971-8-10
0524197,"Josh Lucas
(I)",1971-6-20
0756083,"Bill Sage
(I)",1962-4-3
0001721,Chloë Sevigny,1974-11-18
0000702,Reese Witherspoon,1976-3-22
0000526,"Samantha Mathis
(I)",1970-5-12
0743671,"Matt Ross
(I)",1970-1-3
0001467,Jared Leto,1971-12-26
0000353,Willem Dafoe,1955-7-22
0786806,"Cara Seymour
(I)",1964-1-6
0877587,Guinevere Turner,1968-5-23
0091505,Stephen Bogaert,0-9-9
0576702,Monika Meier,
0146146,"Reg E. Cathey
(1958–2018)",1958-8-18
0930127,"Blair Williams
(I)",
0198695,Marie Dame,
0366003,Kelley Harron,
6076229,Alana Haim,1991-12-15
11866274,Cooper Hoffman,
0000576,"Sean Penn
(I)",1960-8-17
0001823,Tom Waits,1949-12-7
13097991,Will Angarola,
13097973,Griff Giacchino,
5928079,"James Kelley
(XIII)",
13165571,Dexter Demme,
13165572,River Cornwell,
13165573,Harrison Bray,
0818587,"Sasha Spielberg
(I)",1990-5-14
13165574,Karissa Reynafarje,
13165575,Savannah Ioakimedes,
13165576,Dorie Samovitz,
7473839,"Anna Cordell
(I)",
0814114,"Adam Somner
(I)",
4326281,Joshua Carl Allen,
0388477,Patrick Hoelck,
0000243,"Denzel Washington
(I)",1954-12-28
0000531,Frances McDormand,1957-6-23
1307435,Alex Hassell,1980-9-17
1584487,Bertie Carvel,1977-9-6
0322407,Brendan Gleeson,1955-3-29
3659660,"Corey Hawkins
(II)",1988-10-22
0577982,"Harry Melling
(I)",1989-3-13
0027215,"Miles Anderson
(I)",1947-10-23
5090093,"Matt Helm
(IV)",
9458718,Moses Ingram,
0402898,Kathryn Hunter,1957-4-9
0836954,Scott Subiono,
0859921,"Brian Thompson
(I)",1959-8-28
5212070,"Lucas Barker
(I)",
0740535,"Stephen Root
(I)",1951-11-17
3711953,"Robert Gilbert
(IX)",
7698748,Ethan Hutchison,2010-9-7
5699472,"James Udom
(I)",
1297015,"Emma Stone
(III)",1988-11-6
0000668,"Emma Thompson
(I)",1959-4-15
2181128,"Joel Fry
(II)",
3236159,Paul Walter Hauser,1986-10-15
2312391,"John McCrea
(II)",
2387806,Emily Beecham,1984-5-12
0835016,"Mark Strong
(II)",1963-8-5
1315378,Kayvan Novak,1978-11-23
4624730,Kirby Howell-Baptiste,
5857152,Jamie Demetriou,
11070112,"Niamh Lynch
(II)",
4942550,"Andrew Leung
(III)",
4963600,"Ed Birch
(I)",
9245821,"Dylan Lowe
(II)",
0063311,Paul Bazely,
6554076,Abraham Popoola,
1095324,Leo Bill,1980-8-31
2915509,Ninette Finch,
0819850,Cole Sprouse,1992-8-4
0103785,Zach Braff,1975-4-6
0940974,"Peter Woodward
(I)",1956-1-24
4731139,Henson Milam,
4965072,Lukas Gage,1995-5-28
9109723,Sarah Stipe,
3813298,Kabby Borders,
7093076,Lana Condor,1997-5-11
2864252,Mason Gooding,1996-11-14
7738736,Drez Ryan,
0010837,"Christine Adams
(I)",1974-8-15
6705372,Chelsea Alana Rivera,
6185683,"Emily Rudd
(I)",
13536500,Jac Huberman,
8620050,Najah Bradley,
5891786,Kathrine Barnes,1990-11-25
2345104,Michelle Buteau,1977-7-24
5924098,"Cameron Esposito
(I)",1981-10-17
3078932,Lady Gaga,1986-3-28
3485845,"Adam Driver
(I)",1983-11-19
0000199,"Al Pacino
(I)",1940-4-25
0000460,Jeremy Irons,1948-9-19
0001467,Jared Leto,1971-12-26
1658935,Jack Huston,1982-12-7
0000161,Salma Hayek,1966-9-2
1001515,Alexia Murray,
0516020,Vincent Riotta,1959-1-3
1614523,"Gaetano Bruno
(I)",1973-7-26
1891185,Camille Cottin,1978-12-1
1454881,Youssef Kerkour,1978-6-9
0138840,Reeve Carney,1983-4-18
12384182,Florence Andrews,
0623854,Mehdi Nebbou,1971-1-10
6221923,Miloud Mourad Benamara,1977-10-28
0682123,Andrea Piedimonte Bodini,1971-0-0
0849135,Vincenzo Tanassi,
12666304,Leon Ung,
1981893,Riz Ahmed,1982-12-1
0080438,"Sudha Bhuchar
(I)",1954-0-0
7703116,Nikkita Chadha,
2697883,Taru Devani,1951-4-22
8701411,Asmara Gabrielle,
9404110,Marissa Hussain,
4464722,Hugo Nicholson,
4234659,Hussina Raja,
7578896,Ambreen Razia,
5121064,Reynah Rita,
9169920,Rish Shah,
0502342,Bethany Joy Lenz,1981-4-2
1130496,Alysia Reiner,1970-7-21
4396442,Katie Sarife,
2366201,Andrew J. West,1983-11-22
1558628,Michael J Rogers,1964-5-18
0241759,Deanna Dunagan,1940-5-25
0128731,Kevin Cahoon,
9811146,Kingston Vernes,
0918195,Aaron Roman Weiner,
6627438,Lea Hutton Beasmore,
2345460,Lucas Bentley,1980-1-1
2882492,"Ruth Kaufman
(II)",
8027543,David Myers Gregory,
11682644,Jacklyn Metcalfe,
8477650,Rupert Spraul,
8417493,"John Newsom
(II)",
7200497,John Robert Armstrong,
7024122,"Kyle Cantrell
(I)",
0005188,"James Marsden
(I)",1973-9-18
0000120,"Jim Carrey
(I)",1962-1-17
2355635,"Ben Schwartz
(III)",1981-9-15
1754366,Tika Sumpter,1980-6-20
0252961,Idris Elba,1972-9-6
5625020,Natasha Rothwell,1980-10-18
1269723,Adam Pally,1982-3-18
0005245,Shemar Moore,1970-4-20
2837384,Lee Majdoub,1982-5-31
0642601,Colleen O'Shaughnessey,1971-9-15
9961714,Melody Nosipho Niemann,
0125148,"Tom Butler
(I)",1951-0-0
8442868,Brad Kalilimoku,
6976481,Krista Alvarez,
1004344,Donna Jay Fulks,
2814333,Scott Patey,
0369720,Leif Havdale,
2035497,"Johnson Phan
(I)",
0424848,"Dakota Johnson
(I)",1989-10-4
1946193,Jamie Dornan,1982-5-1
0000383,Jennifer Ehle,1969-12-29
3037833,Eloise Mumford,1986-9-24
0711559,Victor Rasuk,1984-1-15
2093766,"Luke Grimes
(I)",1984-1-21
0001315,Marcia Gay Harden,1959-8-14
1357683,Rita Ora,1990-11-26
0242882,"Max Martini
(I)",1969-12-11
0719678,Callum Keith Rennie,1960-9-14
0014803,Andrew Airlie,1961-9-18
0623604,"Dylan Neal
(I)",1969-10-8
6665157,Elliat Albrecht,
0803896,Rachel Skarsten,1985-4-23
4350371,Emily Fonda,
3424969,Anthony Konechny,
0206079,"Bruce Dawson
(I)",
0125148,"Tom Butler
(I)",1951-0-0
0000193,Demi Moore,1962-11-11
0001557,Viggo Mortensen,1958-10-20
0000843,"Anne Bancroft
(I)
(1931–2005)",1931-9-17
0000892,Jason Beghe,1960-3-12
0901926,"Daniel von Bargen
(1950–2015)",1950-6-5
0383422,John Michael Higgins,1963-2-12
0300824,Kevin Gage,1959-5-26
0913175,David Warshofsky,1961-2-23
0883008,David Vadim,1972-3-28
0004820,Morris Chestnut,1969-1-1
0005020,"Josh Hopkins
(I)",1970-9-12
0001029,Jim Caviezel,1968-9-26
0005089,Boyd Kestner,1964-11-23
0202819,Angel David,
0709078,"Stephen Ramsey
(II)",
0069131,Gregg Bello,
0934113,"Scott Wilson
(I)
(1942–2018)",1942-3-29
0421087,Lucinda Jenney,1954-4-23
0001057,Toni Collette,1972-11-1
3849842,"Sophie Turner
(IV)",1996-2-21
0836121,Michael Stuhlbarg,1968-7-5
0000147,Colin Firth,1960-9-10
2851530,Dane DeHaan,1986-2-6
3747611,Odessa Young,1998-1-11
1679669,Rosemarie DeWitt,1971-10-26
2200639,Patrick Schwarzenegger,1993-9-18
4969783,Vincent Vermignon,
0347375,Tim Guinee,1962-11-18
4609822,Olivia DeJonge,1998-4-30
5237304,Hannah Pniewski,
4556061,"Cory Scott Allen
(–2021)",
1146857,"Kevin Sizemore
(I)",1972-4-30
1495175,Justice Leak,1979-9-1
3673618,Robert Crayton,
2610597,"Ryan Lewis
(VII)",
0571930,Joel McKinnon Miller,
0000288,Christian Bale,1974-1-30
0362766,"Tom Hardy
(I)",1977-9-15
0004266,Anne Hathaway,1982-11-12
0000198,Gary Oldman,1958-3-21
0330687,Joseph Gordon-Levitt,1981-2-17
0182839,Marion Cotillard,1975-9-30
0000151,"Morgan Freeman
(I)",1937-6-1
0000323,"Michael Caine
(I)",1933-3-14
0000546,Matthew Modine,1959-3-22
0009530,Alon Aboutboul,1965-5-28
0578853,"Ben Mendelsohn
(I)",1969-4-3
1218607,Burn Gorman,1974-9-1
0839326,Daniel Sunjata,1971-12-30
0318821,Aidan Gillen,1968-4-24
1404145,"Sam Kennard
(I)",1982-2-12
2465744,Aliash Tepina,
0004801,Nestor Carbonell,1967-12-1
0191442,"Brett Cullen
(I)",1956-8-26
0175916,Paddy Considine,1973-9-5
4972453,"Olivia Cooke
(II)",1993-12-27
8458664,"Emma D'Arcy
(I)",
1741002,"Matt Smith
(XI)",1982-10-28
0869750,Steve Toussaint,1965-3-22
0078925,Eve Best,1971-7-31
0406975,Rhys Ifans,1967-7-22
4420495,Sonoya Mizuno,1986-7-1
8844328,Fabien Frankel,
6854116,Milly Alcock,
6917958,"Emily Carey
(V)",2003-4-30
1507708,Ryan Corr,1989-1-15
2131630,"Jefferson Hall
(I)",
0395257,David Horovitch,1945-8-11
0574615,Graham McTavish,1961-1-4
2765916,"Matthew Needham
(I)",1984-4-13
0665473,"Bill Paterson
(I)",1945-6-3
2418667,Gavin Spokes,
12950877,Daniel Karimyar,
12950879,Fardin Mijdzadeh,
12950880,Milad Eskandari,
7185483,Belal Faiz,
12950881,Elaha Faiz,
12950882,Zahra Mehrwarz,
12950883,Sadia Faiz,
5738781,Rashid Aitouganov,
12950884,Georg Jagunov,
12950885,Navid Nazir,
12950886,Hafiz Højmark,
12950887,Denis Rivin,
12950888,Vadim Nedaskovskij,
0578202,"Viktor Melnikov
(I)",1976-7-9
1984435,Mikhail Belinson,1959-11-8
12950889,Ditte Graa Wulff,
3214892,Bo Asdal Andersen,
12950890,The Dungeon Master,
4511652,Kelly Marie Tran,1989-1-17
5377144,Awkwafina,1988-6-2
2110418,Gemma Chan,1982-11-29
9865891,"Izaac Wang
(II)",2007-10-22
0196654,Daniel Dae Kim,1968-8-4
0938950,Benedict Wong,1970-2-20
2033115,Jona Xiao,1989-5-18
0644897,Sandra Oh,1971-7-20
8009776,Thalia Tran,2006-5-20
0814586,Lucille Soong,1935-8-15
0876138,Alan Tudyk,1971-3-16
11260551,Gordon Ip,
1901842,Dichen Lachman,1982-2-22
8773928,"Patti Harrison
(II)",1990-10-31
0661864,"Jon Park
(III)",
0437646,Sung Kang,1972-4-8
7153883,Sierra Katow,
5224900,"Ross Butler
(II)",1990-5-17
0000138,Leonardo DiCaprio,1974-11-11
0000701,Kate Winslet,1975-10-5
0000708,"Billy Zane
(I)",1966-2-24
0000870,"Kathy Bates
(I)",1948-6-28
0004920,"Frances Fisher
(I)",1952-5-11
0001784,"Gloria Stuart
(1910–2010)",1910-7-4
0000200,"Bill Paxton
(1955–2017)",1955-5-17
0384060,"Bernard Hill
(I)",1944-12-17
0001831,"David Warner
(I)",1941-7-29
0001255,Victor Garber,1949-3-16
0404993,"Jonathan Hyde
(I)",1948-5-21
0000751,Suzy Amis,1962-1-5
0008656,Lewis Abernathy,
0143167,Nicholas Cascone,1963-4-20
0755972,Anatoly M. Sagalevitch,1938-9-5
0001572,Danny Nucci,1968-9-15
0058029,"Jason Barry
(I)",1972-12-14
0829380,"Ewan Stewart
(I)",1957-10-8
0262635,"Chris Evans
(V)",1981-6-13
1551130,Keke Palmer,1993-8-26
0169806,Taika Waititi,1975-8-16
0812307,Peter Sohn,1977-10-18
2499064,Uzo Aduba,1981-2-10
0000981,James Brolin,1940-7-18
0708293,"Efren Ramirez
(I)",1973-10-2
0926086,Isiah Whitlock Jr.,1954-9-13
0815831,Dale Soules,1946-10-2
0568056,Mary McDonald-Lewis,1953-9-24
0000110,Kenneth Branagh,1960-12-10
0004851,Penélope Cruz,1974-4-28
0000353,Willem Dafoe,1955-7-22
0001132,Judi Dench,1934-12-9
5469396,Paapa Essiedu,
9297442,Yassine Zeroual,
4731610,Asan N'Jie,
0745860,"Michael Rouse
(II)",
0505404,Elliot Levey,1974-0-0
1507556,David Annen,
0519034,"Joseph Long
(I)",
5121393,Andy Apollo,
2301662,Hadley Fraser,1980-4-21
5397459,Daisy Ridley,1992-4-10
1502434,Leslie Odom Jr.,1981-8-6
4213457,Ziad Abaza,
3335517,Nari Blair-Mangat,
9389251,"Luke Brady
(VII)",
2257207,Daniel Kaluuya,1989-2-24
4129745,"Allison Williams
(V)",1988-4-13
0925966,Bradley Whitford,1959-10-10
0001416,Catherine Keener,1959-3-23
2655177,Caleb Landry Jones,1989-12-7
5436968,"Marcus Henderson
(III)",
3340597,Betty Gabriel,1981-1-6
3147751,LaKeith Stanfield,1991-8-12
0740535,"Stephen Root
(I)",1951-11-17
2577076,"Lil Rel Howery
(I)",1979-12-17
2214493,Ashley LeConte Campbell,1962-3-19
0932847,"John Wilmot
(I)",
0488255,Caren L. Larkey,
4152547,"Julie Ann Jones
(II)",1958-11-19
0186657,Rutherford Cravens,
1046808,Geraldine Singer,
6162435,Yasuhiko Oyama,
0378800,"Richard Herd
(I)
(1932–2020)",1932-9-26
0001811,"Peter Ustinov
(1921–2004)",1921-4-16
0001201,Mia Farrow,1945-2-9
0531546,"Simon MacCorkindale
(1952–2010)",1952-2-12
0000945,Jane Birkin,1946-12-14
0001042,"Lois Chiles
(I)",1947-4-15
0000012,"Bette Davis
(I)
(1908–1989)",1908-4-5
0277424,"Jon Finch
(I)
(1942–2012)",1942-3-2
0001377,"Olivia Hussey
(I)",1951-4-17
0424102,"I.S. Johar
(1920–1984)",1920-2-16
0001421,"George Kennedy
(I)
(1925–2016)",1925-2-18
0001450,"Angela Lansbury
(I)",1925-10-16
0000057,"David Niven
(I)
(1910–1983)",1910-3-1
0001749,"Maggie Smith
(I)",1934-12-28
0912001,"Jack Warden
(1920–2006)",1920-9-18
0028674,"Harry Andrews
(I)
(1911–1989)",1911-11-10
0910737,"Sam Wanamaker
(1919–1993)",1919-6-14
0347015,"François Guillaume
(I)",1947-6-24
0382799,"Barbara Hicks
(I)
(1924–2013)",1924-8-12
2394794,Karen Gillan,1987-11-28
0169806,Taika Waititi,1975-8-16
0000288,Christian Bale,1974-1-30
0000204,Natalie Portman,1981-6-9
0000128,Russell Crowe,1964-4-7
0695435,"Chris Pratt
(I)",1979-6-21
0000354,Matt Damon,1970-10-8
1165110,Chris Hemsworth,1983-8-11
0565250,"Melissa McCarthy
(I)",1970-8-26
1935086,Tessa Thompson,1983-10-3
0000554,"Sam Neill
(I)",1947-9-14
1526352,Jaimie Alexander,1984-3-12
1292661,Luke Hemsworth,1980-11-5
0348231,"Sean Gunn
(I)",1974-5-22
0750971,Simon Russell Beale,1961-1-12
9339457,Akosia Sabet,
5661368,Sean Rohani,
2551407,Mark Casimir Dyniewicz Jr.,1971-4-29
0000375,Robert Downey Jr.,1965-4-4
0262635,"Chris Evans
(V)",1981-6-13
0749263,Mark Ruffalo,1967-11-22
1165110,Chris Hemsworth,1983-8-11
0424060,Scarlett Johansson,1984-11-22
0719637,Jeremy Renner,1971-1-7
0000332,Don Cheadle,1964-11-29
0748620,"Paul Rudd
(I)",1969-4-6
1212722,Benedict Cumberbatch,1976-7-19
1569276,"Chadwick Boseman
(1976–2020)",1976-11-29
0488953,Brie Larson,1989-10-1
4043618,"Tom Holland
(X)",1996-6-1
2394794,Karen Gillan,1987-11-28
0757855,"Zoe Saldana
(I)",1978-6-19
1431940,Evangeline Lilly,1979-8-3
1935086,Tessa Thompson,1983-10-3
0000623,"Rene Russo
(I)",1954-2-17
0647634,"Elizabeth Olsen
(I)",1989-2-16
1519666,Eddie Redmayne,1982-1-6
0000179,Jude Law,1972-12-29
3009232,"Ezra Miller
(I)",1992-9-30
0283945,Dan Fogler,1976-10-20
1776151,Cara Mahoney,1993-5-26
0586568,Mads Mikkelsen,1965-11-22
2239702,Katherine Waterston,1980-3-3
5304426,Poppy Corby-Tuech,
3007817,Maja Bloom,
5438664,Paul Low-Hang,
0837223,Alison Sudol,1984-12-23
4360085,Callum Turner,
0185404,"Richard Coyle
(I)",1972-2-27
1790970,"Jessica Williams
(II)",1989-7-31
6251140,Wilf Scolding,
7417369,Kazeem Tosin Amore,
4358340,Noor Dillan-Night,
0618986,William Nadylam,
0305558,Gael García Bernal,1978-11-30
3043279,Vicky Krieps,1983-10-4
0001722,Rufus Sewell,1967-10-29
1842974,"Alex Wolff
(I)",1997-11-1
5057169,Thomasin McKenzie,2000-7-26
3880181,Abbey Lee,1987-6-12
0025458,Nikki Amuka-Bird,1976-2-27
0504962,"Ken Leung
(I)",1970-1-21
7340546,Eliza Scanlen,1999-1-6
7543974,"Aaron Pierre
(I)",
0001110,Embeth Davidtz,1965-8-11
2047170,Emun Elliott,1983-11-28
5216475,Alexa Swinton,
0358390,Gustaf Hammarsten,1967-9-2
0149910,Kathleen Chalfant,1945-1-14
0247754,Francesca Eastwood,1993-8-7
9842062,Nolan River,
8724554,Luca Faustino Rodriguez,
0350453,Jake Gyllenhaal,1980-12-19
5584344,Yahya Abdul-Mateen II,1986-7-15
2555462,Eiza González,1990-1-30
0226813,Garret Dillahunt,1964-11-24
1218757,Keir O'Donnell,1978-11-8
7878293,"Jackson White
(III)",
2274369,Olivia Stambouliah,1982-4-10
9458718,Moses Ingram,
6018521,Colin Woodell,1991-12-20
2336180,Cedric Sanders,1982-4-26
0553436,"A Martinez
(I)",1948-9-27
1883803,"Jesse Garcia
(III)",1982-0-0
1504678,Jose Pablo Cantillo,1979-3-30
0907353,"Wale
(I)",1984-9-21
4231435,Devan Chandler Long,
13476426,Randazzo Marc,
2963873,Victor Gojcaj,1983-3-9
10885888,Briella Guiza,
1567113,Jessica Chastain,1977-3-24
1940449,"Andrew Garfield
(I)",1983-8-20
0427728,"Cherry Jones
(I)",1956-11-21
0000352,Vincent D'Onofrio,1959-6-30
1458132,Mark Wystrach,1979-12-17
0415382,Sam Jaeger,1977-1-29
1209413,Louis Cancelmi,
0646192,Gabriel Olds,1972-3-24
0499791,Fredric Lehne,1959-2-3
6718679,Chandler Head,
0401132,Jay Huguley,1966-7-26
1112969,"Dan Johnson
(I)",
1093988,Michael MacCauley,
0654372,"Grant Owens
(I)",1939-11-27
2546388,Coley Campany,
3254270,Craig Newkirk,
4996050,Wes Jetton,
1422176,"Jess Weixler
(I)",1981-6-8
0001125,Benicio Del Toro,1967-2-19
0004778,Adrien Brody,1973-4-14
0842770,Tilda Swinton,1960-11-5
2244205,Léa Seydoux,1985-7-1
0000531,Frances McDormand,1957-6-23
3154303,Timothée Chalamet,1995-12-27
6891947,Lyna Khoudri,1992-10-3
0942482,"Jeffrey Wright
(I)",1965-12-7
0023832,Mathieu Amalric,1965-10-25
0661950,"Steve Park
(I)",
0000195,"Bill Murray
(I)",1950-9-21
0005562,"Owen Wilson
(I)",1968-11-18
0000837,"Bob Balaban
(I)",1945-8-16
0001857,Henry Winkler,1945-10-30
0809135,"Lois Smith
(I)",1930-11-3
1727825,Tony Revolori,1996-4-28
1616970,Denis Ménochet,1976-9-18
0683978,Larry Pine,1945-3-3
8823152,Rosalie Chiang,
0644897,Sandra Oh,1971-7-20
6205098,Ava Morse,
7490724,"Hyein Park
(II)",
10826558,Maitreyi Ramakrishnan,2001-12-29
4093657,Orion Lee,
0387395,Wai Ching Ho,1943-11-16
12315349,Tristan Allerick Chen,
0157937,Lori Tan Chinn,
1682509,Mia Tagano,
8781499,Sherry Cola,1989-11-10
6440595,"Lillian Lim
(II)",
0393222,"James Hong
(I)",1929-2-22
3332894,"Jordan Fisher
(I)",1994-4-24
3906552,Finneas O'Connell,1997-7-30
10277997,Topher Ngo,
11757729,Grayson Villanueva,
3684188,Josh Levi,1998-10-7
0000255,Ben Affleck,1972-8-15
1869101,Ana de Armas,1988-4-30
0504832,Tracy Letts,1965-7-4
11096472,"Grace Jenkins
(II)",
0005231,Dash Mihok,1974-5-24
0004761,Rachel Blanchard,1976-3-19
1393354,"Kristen Connolly
(II)",1980-7-12
8624059,Jacob Elordi,1997-6-26
2577076,"Lil Rel Howery
(I)",1979-12-17
1676629,"Brendan Miller
(I)",
5159709,"Jade Fernandez
(II)",
1587729,Finn Wittrock,1984-10-28
3252387,"Michael Braun
(XII)",
2154316,Devyn A. Tyler,1991-5-7
3264358,Michael Scialabba,
2142326,"Jeff Pope
(III)",1976-9-27
3806295,Paul Teal,
3281079,Juliet Brett,1993-4-20
1519666,Eddie Redmayne,1982-1-6
2239702,Katherine Waterston,1980-3-3
0837223,Alison Sudol,1984-12-23
0283945,Dan Fogler,1976-10-20
0714866,Sam Redford,
2580832,"Scott Goldman
(V)",
0072758,"Tim Bentinck
(I)",1953-6-1
0846925,"Tristan Tait
(I)",1971-8-2
0268199,"Colin Farrell
(I)",1976-5-31
0384732,Tom Clarke Hill,
0799252,Matthew Sim,
0608090,"Samantha Morton
(I)",1977-5-13
3009232,"Ezra Miller
(I)",1992-9-30
7500671,Faith Wood-Blagrove,2004-0-0
2893183,"Jenn Murray
(I)",
3270798,"Cory Peterson
(I)",
0688351,Lucie Pohl,1983-0-0
0106998,Peter Breitmayer,1965-5-29
11879379,Jude Hill,
11888099,Lewis McAskie,
1495520,Caitríona Balfe,1979-10-4
1946193,Jamie Dornan,1982-5-1
0001132,Judi Dench,1934-12-9
0001354,Ciarán Hinds,1953-2-9
0907905,"Josie Walker
(I)",1970-0-0
12260920,Freya Yates,
12225877,Nessa Eriksson,
10031166,"Charlie Barnard
(III)",
11848155,Frankie Hastings,
11705174,Máiréad Tyers,
11584191,Caolan McCarthy,
11002572,Ian Dunnett Jnr,
0540585,"Michael Maloney
(I)",1957-6-19
7107447,"Lara McDonnell
(I)",2003-11-7
9111156,Chris McCurry,
10155819,Rachel Feeney,
4533533,Chinatsu Akasaki,
2594314,Aya Endô,1980-2-17
2573928,Kana Hanazawa,1989-2-25
0370582,Show Hayami,1958-8-2
2106149,"Yu Hayashi
(I)",1983-4-2
2174227,"Satoshi Hino
(I)",1978-8-4
2095800,"Marina Inoue
(I)",1985-1-20
1778495,Shizuka Itô,1980-12-5
0412628,Mitsuo Iwata,1967-7-31
1878161,Subaru Kimura,1990-6-29
4262853,"Mikako Komatsu
(I)",1988-11-11
1069584,Rie Kugimiya,1979-5-30
1425287,Takaya Kuroda,1967-4-17
7835996,Risae Matsuda,1993-7-16
6929958,Satsumi Matsuda,1993-7-17
4303311,Yoshitsugu Matsuoka,1986-9-17
0586528,Shin'ichirô Miki,1968-3-18
0594074,Kotono Mitsuishi,1967-12-8
1694524,N.T. Rama Rao Jr.,1983-5-20
2776304,"Ram Charan
(I)",1985-3-27
0222426,Ajay Devgn,1969-4-2
1017633,Alia Bhatt,1993-3-15
11324543,"Olivia Morris
(VII)",
1328152,Shriya Saran,1982-9-11
0829032,"Ray Stevenson
(I)",1964-5-25
0233145,Alison Doody,1966-11-11
2284321,Samuthirakani,
6252873,"Chandra Sekhar
(II)",
0221218,Makrand Deshpande,1966-3-6
1960306,Rajeev Kanakala,
8412322,Rahul Ramakrishna,
4535968,Edward Sonnenblick,
8858156,Varun Buddhadev,2006-5-26
9908220,Spandan Chaturvedi,
12533113,Ovais Singstar,
1204791,"Mark Bennington
(I)",
1500155,Robert Pattinson,1986-5-13
2368789,Zoë Kravitz,1988-12-1
0942482,"Jeffrey Wright
(I)",1965-12-7
0268199,"Colin Farrell
(I)",1976-5-31
0200452,Paul Dano,1984-6-19
0001806,John Turturro,1957-2-28
0785227,Andy Serkis,1964-4-20
0765597,Peter Sarsgaard,1971-3-7
4422686,Barry Keoghan,1992-10-17
11123883,Jayme Lawson,
4909175,Gil Perez-Abraham,
0567945,"Peter McDonald
(I)",1972-1-28
0642126,"Con O'Neill
(I)",1966-8-15
0273159,Alex Ferns,1968-10-13
0672303,Rupert Penry-Jones,1970-9-22
1017942,Kosha Engler,1977-11-28
10706149,Archie Barnes,
8940462,Janine Harouni,1988-1-3
4043618,"Tom Holland
(X)",1996-6-1
3918035,Zendaya,1996-9-1
1212722,Benedict Cumberbatch,1976-7-19
8188622,Jacob Batalon,1996-10-9
0269463,"Jon Favreau
(I)",1966-10-19
0004937,Jamie Foxx,1967-12-13
0000353,Willem Dafoe,1955-7-22
0000547,"Alfred Molina
(I)",1953-5-24
0938950,Benedict Wong,1970-2-20
1727825,Tony Revolori,1996-4-28
0000673,Marisa Tomei,1964-12-4
1940449,"Andrew Garfield
(I)",1983-8-20
0001497,Tobey Maguire,1975-6-27
3886028,Angourie Rice,2001-1-1
1573892,Arian Moayed,1980-4-15
0628420,Paula Newsome,
2868110,Hannibal Buress,1983-2-4
0771414,Martin Starr,1982-7-30
0000288,Christian Bale,1974-1-30
0005132,"Heath Ledger
(1979–2008)",1979-4-4
0001173,Aaron Eckhart,1968-3-12
0000323,"Michael Caine
(I)",1933-3-14
0350454,Maggie Gyllenhaal,1977-11-16
0000198,Gary Oldman,1958-3-21
0000151,"Morgan Freeman
(I)",1937-6-1
1010931,Monique Gabriela Curnen,1970-9-7
0212939,"Ron Dean
(I)",1938-8-15
0614165,Cillian Murphy,1976-5-25
1977856,Chin Han,1969-11-27
0004801,Nestor Carbonell,1967-12-1
0000616,"Eric Roberts
(I)",1956-4-18
0182662,Ritchie Coster,1967-7-1
0001309,Anthony Michael Hall,1968-4-14
0843775,Keith Szarabajka,1952-12-2
0568801,"Colin McFarlane
(I)",1961-9-15
0367176,Joshua Harto,1979-1-9
0814280,Kang-ho Song,1967-1-17
1310525,Sun-kyun Lee,1975-3-2
1856097,Yeo-jeong Cho,1981-2-10
6079248,Choi Woo-sik,1990-3-26
6476224,So-dam Park,1991-9-8
7553003,Lee Jeong-eun,
4525883,Jang Hye-jin,
3745391,Park Myeong-hoon,
7616095,Ji-so Jung,
10700274,Hyun-jun Jung,2011-11-8
4522499,Keun-rok Park,1983-12-23
10860732,Yi-Seo Jung,1993-8-13
11261148,Jae-myeong Jo,
10215504,Ik-han Jung,
11044243,Kyu-baek Kim,
11432327,Hwang In Kyung,
9086195,Ahn Seong-Bong,
11432328,Kim Jin Hyung,
10036531,Harry Trevaldwyn,
4478685,Samson Kayo,
0784818,Peter Serafinowicz,1972-7-10
3906046,Danielle Vitalis,
2394794,Karen Gillan,1987-11-28
3008739,"Rob Delaney
(II)",1977-1-19
6074326,Chris Witaske,
13538811,Audrina Woolrich,
13538812,Grant Woolrich,
7960400,Guz Khan,
7210025,Maria Bakalova,1996-6-4
1983888,Vir Das,
0005182,"Leslie Mann
(I)",1972-3-26
3304457,Nick Kocher,
2957717,Iris Apatow,
0050959,Pedro Pascal,1975-4-2
13117756,Galen Hopper,
1221047,Keegan-Michael Key,1971-3-22
0334318,"Stephen Graham
(I)",1973-8-3
0733172,Vinette Robinson,1981-0-0
8420166,Alice Feetham,
1110435,Ray Panthaki,1979-1-20
2648214,"Hannah Walters
(I)",
3142672,Malachi Kirby,1989-9-20
9287628,Izuka Hoyle,
7501381,Taz Skylar,
10251159,Lauryn Ajufo,
0002076,Jason Flemyng,1966-9-25
0264525,Lourdes Faberes,1975-2-14
10019144,Daniel Larkai,
6551323,"Robbie O'Neill
(II)",
10441597,Áine Rose Daly,
8142076,Rosa Escoda,
10207153,"Stephen McMillan
(IV)",
3238734,Thomas Coombes,
2389290,Gary Lamont,1985-3-1
0000182,"Jennifer Lopez
(I)",1969-7-24
0005562,"Owen Wilson
(I)",1968-11-18
8349062,Maluma,1994-1-28
4263213,"John Bradley
(XXIV)",1988-9-15
0798971,Sarah Silverman,1970-12-1
5668548,Chloe Coleman,2008-11-23
2345104,Michelle Buteau,1977-7-24
2965096,Khalil Middleton,
6335261,Kat Cunning,
6550537,Taliyah Whitaker,
8134958,Diego Lucano,
4054776,Brady Noon,
4074112,Connor Noon,
9561688,Ryan Foust,
13352096,Léah Jiménez Zelaya,
13200755,Tristan-Lee Edwards,
11508306,Scarlett Earls,
8806555,Olivia Chun,
2976580,Jessie Buckley,1989-12-28
1239499,Rory Kinnear,1976-2-17
4587360,Gayle Rankin,
5469396,Paapa Essiedu,
0636426,Noomi Rapace,1979-12-28
1671512,Anamaria Marinca,1978-4-1
2129444,Alice Englert,1994-6-15
7794816,Sara Klimoska,1994-7-27
1929018,Carloto Cotta,1984-1-31
9029751,Félix Maritaud,1992-12-12
1671184,Arta Dobroshi,1980-10-2
1077497,Verica Nedeska,1978-0-0
0728432,"Irena Ristic
(I)",1975-1-26
1357278,Daniel Kovacevic,1980-0-0
2961216,Kamka Tocinovski,1979-6-27
2862189,"Predrag Vasic
(I)",1997-10-30
0043324,Jasmina Avramovic,1960-10-28
8527657,Djordje Misina,
12608112,Anastasija Karanovich,
9136246,Teodor Vincic,
5837322,Djordje Zivadinovic Grgur,1990-2-12
11886538,"Milos Pantic
(III)",
4497612,Greg Cohan,
8134170,George Schewnzer,
8134169,"Janice Young
(II)",
3944814,Daniel Steere,
6916005,"Claire Hsu
(I)",
2009087,Nicholas M. Garofolo,
4219529,Alyssa Kempinski,1990-10-19
3217399,Fernando Pacheco De Castro,
7392511,Chase Schutter,
4906931,Alec Lambert,
3318325,Jesse Turits,
6968656,Jiechang Yang,
0901807,Aurelio Voltaire,1967-1-25
5867394,"David Sokol
(I)",
4445500,Pat Hroncich,
3670910,"Dan Rhoades
(I)",
3945100,Kathleen Steere,
4175128,Douglas Saint James,
0705356,Daniel Radcliffe,1989-7-23
0342488,Rupert Grint,1988-8-24
0001321,"Richard Harris
(I)
(1930–2002)",1930-10-1
0001749,"Maggie Smith
(I)",1934-12-28
0001059,Robbie Coltrane,1950-3-30
1196732,Saunders Triplets,
0789716,"Fiona Shaw
(I)",1958-7-10
0577982,"Harry Melling
(I)",1989-3-13
0341743,"Richard Griffiths
(I)
(1947–2013)",1947-7-31
0212600,"Derek Deadman
(1940–2014)",1940-3-11
0001324,"Ian Hart
(I)",1964-10-8
1089198,Ben Borowiecki,
0001116,"Warwick Davis
(I)",1970-2-3
0873942,"Verne Troyer
(1969–2018)",1969-1-1
0000457,"John Hurt
(1940–2017)",1940-1-22
0107101,Richard Bremmer,1953-1-27
0813893,Geraldine Somerville,1967-5-19
0852442,"Harry Taylor
(I)",
0001467,Jared Leto,1971-12-26
1741002,"Matt Smith
(XI)",1982-10-28
5245722,Adria Arjona,1992-4-25
0364813,"Jared Harris
(I)",1961-8-24
0879085,"Tyrese Gibson
(I)",1978-12-30
1371339,Al Madrigal,
0000474,"Michael Keaton
(I)",1951-9-5
9485683,Zaris-Angel Hator,
1035368,"Joe Ferrara
(I)",
6339026,Charlie Shotwell,2007-7-17
10795427,Joseph Esson,
11078354,"Jason Rennie
(IV)",
13539276,Aryan Moaven,
13539277,Christopher Louridas,
6220510,Oliver Bodur,
6664537,"Tom Forbes
(IV)",
8014044,Clara Rosager,
0424819,"Corey Johnson
(I)",1961-5-17
0000129,Tom Cruise,1962-7-3
0000209,"Tim Robbins
(I)",1958-10-16
0000534,Kelly McGillis,1957-7-9
0000174,Val Kilmer,1959-12-31
0000381,"Anthony Edwards
(I)",1962-7-19
0000643,"Tom Skerritt
(I)",1933-8-25
0000461,Michael Ironside,1950-2-12
0007082,"John Stockwell
(I)",1961-3-25
0875613,Barry Tubb,1963-2-13
0001685,Rick Rossovich,1957-8-28
0319739,Clarence Gilyard Jr.,1955-12-24
0399531,Whip Hubley,1957-5-17
0866055,James Tolkan,1931-6-20
0000212,"Meg Ryan
(I)",1961-11-19
0664499,Adrian Pasdar,1965-4-30
0103713,Randall Brady,
0835146,"Duke Stroud
(I)",1938-4-14
0790571,"Brian Sheehan
(I)",
4271336,Shameik Moore,1995-5-4
2159926,"Jake Johnson
(XVI)",1978-5-28
2794962,Hailee Steinfeld,1996-12-11
0991810,Mahershala Ali,1974-2-16
3109964,Brian Tyree Henry,1982-3-31
0005499,Lily Tomlin,1939-9-1
0904967,Luna Lauren Velez,1964-11-2
2368789,Zoë Kravitz,1988-12-1
1825214,John Mulaney,1982-8-26
4733752,Kimiko Glenn,1989-6-27
0000115,Nicolas Cage,1964-1-7
1063517,Kathryn Hahn,1973-7-23
0000630,Liev Schreiber,1967-10-4
1517976,"Chris Pine
(I)",1980-8-26
2295540,"Natalie Morales
(II)",1985-2-15
2430511,Edwin R. Habacon,
1209966,"Oscar Isaac
(I)",1979-3-9
2336966,Greta Lee,1983-3-7
11742345,Milo Coy,
0085312,"Jack Black
(I)",1969-8-28
1563349,Lee Eddy,
0936315,"Bill Wise
(I)",
6890499,Natalie L'Amoreaux,
5946818,Josh Wiggins,1998-11-2
10523267,Jessica Brynn Cohen,
11742543,"Sam Chipman
(II)",
11607815,Danielle Guilbot,
1157048,Zachary Levi,1980-9-29
1412974,"Glen Powell
(I)",1988-10-21
13059252,Reese Armstrong,
11716859,"Natalie Joy
(VI)",
6872480,Suzanne Deal Booth,
10669206,"Mia Gonzalez
(III)",
13562196,Alexander Fink,
6320288,Zia Kinzy,
13562197,"Noah Randall
(IV)",
0000117,Neve Campbell,1973-10-3
0001073,Courteney Cox,1964-6-15
0000274,"David Arquette
(I)",1971-9-8
0000240,Skeet Ulrich,1970-1-20
0000106,"Drew Barrymore
(I)",1975-2-22
0413996,"Roger Jackson
(VI)",1958-7-13
0909384,Kevin Patrick Walls,
0095673,"David Booth
(II)",
0368938,Carla Hatley,
0372967,Lawrence Hecht,
0114868,W. Earl Brown,1963-9-7
0000535,"Rose McGowan
(I)",1973-9-5
0766881,"Lois Saunders
(I)",
0924178,Joseph Whipp,1941-7-12
0000498,Matthew Lillard,1970-1-24
0005085,"Jamie Kennedy
(I)",1970-5-25
0063482,"Lisa Beach
(I)",
0452919,Tony Kilbert,
0000206,Keanu Reeves,1964-9-2
0005251,Carrie-Anne Moss,1967-8-21
5584344,Yahya Abdul-Mateen II,1986-7-15
2676147,"Jonathan Groff
(II)",1985-3-26
3725055,Jessica Henwick,1992-8-30
0000439,Neil Patrick Harris,1973-6-15
0000586,Jada Pinkett Smith,1971-9-18
1231899,Priyanka Chopra Jonas,1982-7-18
0000207,"Christina Ricci
(I)",1980-2-12
0933727,Lambert Wilson,1958-8-3
2255271,Andrew Lewis Caldwell,1989-7-25
5255496,Toby Onwumere,
0726262,Max Riemelt,1984-1-7
3615382,Joshua Grothe,1987-10-2
1668284,"Brian J. Smith
(II)",1981-10-12
2057853,Eréndira Ibarra,
0814077,Michael X. Sommers,
1635257,L. Trey Wilson,
0342970,Dave Grohl,1969-1-14
0578829,Nate Mendel,1968-12-2
0751942,Pat Smear,1959-8-5
1011269,"Taylor Hawkins
(I)
(1972–2022)",1972-2-17
1927881,Rami Jaffee,1969-3-11
1360806,Chris Shiflett,1971-5-6
1579753,Whitney Cummings,1982-9-4
0307531,Jeff Garlin,1962-6-5
0343678,"Leslie Grossman
(I)",1971-10-25
4911194,Jenna Ortega,2002-9-27
2804164,Marti Matulis,1970-7-4
1324954,"Kerry King
(I)",1964-6-3
0287182,Will Forte,1970-6-17
1875808,"Jason Trost
(I)",
1275506,"Mike Escamilla
(I)",
0005360,Lionel Richie,1949-6-20
0000118,"John Carpenter
(I)",1948-1-16
0801051,Jimmi Simpson,1975-11-21
5016878,"Jacob Tremblay
(I)",2006-10-5
6244013,Jack Dylan Grazer,2003-9-3
11735922,"Emma Berman
(II)",2008-8-1
7184459,Saverio Raimondo,1984-1-20
0748973,Maya Rudolph,1972-7-27
0057349,Marco Barricelli,1958-8-2
0300712,Jim Gaffigan,1966-7-7
0812307,Peter Sohn,1977-10-18
7445017,Lorenzo Crisci,
0557457,Marina Massironi,1963-5-16
0478731,Gino La Monica,1944-3-14
0553036,"Sandy Martin
(I)",1949-3-3
5521198,"Giacomo Gianniotti
(I)",1989-6-19
0672330,"Elisa Gabrielli
(I)",1959-0-0
0562775,Mimi Maynard,1949-1-5
0056187,Sacha Baron Cohen,1971-10-13
0266908,Francesca Fanti,
0629618,"Jonathan Nichols
(I)",
0004951,"Brad Garrett
(I)",1960-4-14
0738918,Lou Romano,1972-4-15
0652663,Patton Oswalt,1969-1-27
0000453,"Ian Holm
(1931–2020)",1931-9-12
0001133,"Brian Dennehy
(1938–2020)",1938-7-9
0812307,Peter Sohn,1977-10-18
0000564,"Peter O'Toole
(I)
(1932–2013)",1932-8-2
0000413,Janeane Garofalo,1964-9-28
0004715,Will Arnett,1970-5-4
2029107,Julius Callahan,
0001664,James Remar,1953-12-31
0001652,"John Ratzenberger
(I)",1947-4-6
0628599,Teddy Newton,1964-3-3
0297306,Tony Fucile,1964-0-0
0826039,Jake Steinfeld,1958-2-21
0083348,"Brad Bird
(I)",1957-9-24
1102177,"Stéphane Roux
(I)",
2831082,"Jack Bird
(I)",
2933542,Boyd Holbrook,1981-9-1
0717709,"Kelly Reilly
(I)",1977-7-18
0677944,Alistair Petrie,1970-9-30
3646923,Roxane Duran,1993-1-27
0079451,Nigel Betts,1963-10-15
0101400,"Stuart Bowman
(I)",
0475336,"Simon Kunz
(I)",
6076321,Amelia Crouch,2004-3-27
10498203,Max Mackintosh,
7748240,Tommy Rodger,
10441597,Áine Rose Daly,
10673378,Millie Kiss,
7596255,"Tom Sweet
(III)",
12280563,Romy Ellis,
12280564,"Parker Ellis
(III)",
1146807,"Gary Oliver
(I)",
3355471,"Richard Cunningham
(I)",
12280565,Pascale Becouze,
8467096,Barry G. Bernson,
9300501,Herb Caillouet,
0131966,"Bill Camp
(I)",1964-10-22
3864163,Raffey Cassidy,2002-8-30
0197549,Denise Dal Vera,
0268199,"Colin Farrell
(I)",1976-5-31
4422686,Barry Keoghan,1992-10-17
0000173,Nicole Kidman,1967-6-20
7768697,"Drew Logan
(II)",
0000224,Alicia Silverstone,1976-10-4
6129779,Sunny Suljic,2005-8-10
9493313,Michael Trester,
9290043,"Ming Wang
(XIV)",
8639403,Dylan Keith Adams,
9179842,Mike Ancas,
7819204,Michael Lee Bailey,
4816973,Denise Barone,
6627438,Lea Hutton Beasmore,
0001492,"Kyle MacLachlan
(I)",1959-2-22
0000515,Virginia Madsen,1961-9-11
0000768,Francesca Annis,1945-5-14
0162361,"Leonardo Cimino
(1917–2012)",1917-11-4
0000374,Brad Dourif,1950-3-18
0001207,"José Ferrer
(I)
(1912–1992)",1912-1-8
0001373,"Linda Hunt
(I)",1945-4-2
0428086,"Freddie Jones
(I)
(1927–2019)",1927-9-12
0430151,"Richard Jordan
(I)
(1937–1993)",1937-7-19
0542146,"Silvana Mangano
(1930–1989)",1930-4-21
0569239,Everett McGill,1945-10-21
0573299,"Kenneth McMillan
(I)
(1932–1989)",1932-7-2
0620756,"Jack Nance
(I)
(1943–1996)",1943-12-21
0680795,Siân Phillips,1933-5-14
0001638,Jürgen Prochnow,1941-6-10
0809544,"Paul L. Smith
(1936–2012)",1936-6-24
0001772,"Patrick Stewart
(I)",1940-7-13
0001776,"Sting
(I)",1951-10-2
0000138,Leonardo DiCaprio,1974-11-11
0000093,Brad Pitt,1963-12-18
3053338,Margot Robbie,1990-7-2
0386472,Emile Hirsch,1985-3-13
4960279,Margaret Qualley,1994-10-23
0648249,Timothy Olyphant,1968-5-20
6253548,Julia Butters,2009-4-15
2581521,"Austin Butler
(I)",1991-8-17
0266824,Dakota Fanning,1994-2-23
0001136,Bruce Dern,1936-6-4
2538735,Mike Moh,1983-8-19
0000580,"Luke Perry
(I)
(1966–2019)",1966-10-11
0507073,"Damian Lewis
(I)",1971-2-11
0000199,"Al Pacino
(I)",1940-4-25
0358749,"Nicholas Hammond
(I)",1950-5-15
6231136,"Samantha Robinson
(VI)",1991-10-19
4027445,Rafal Zawierucha,1986-10-12
4448022,Lorenza Izzo,1989-9-19
