companyID,mID,name
1,1486192,Intrepid Pictures
2,1486192,FilmNation Entertainment
3,1486192,Galavis Film
4,13676256,Warner Bros. Animation
5,0779982,New Zealand Film Commission
6,0779982,New Zealand On Air
7,0779982,The Daesung Group
8,0110725,Seagal/Nasso Productions
9,0067589,Paramount Pictures
10,0060153,Greenlawn Productions
11,0118928,Universal Pictures
12,0118928,Pacific Western
13,0120906,Castle Rock Entertainment
14,0120906,Columbia Pictures
15,0120906,Janet Yang Productions
16,0410595,DreamWorks Animation
17,0410595,Knowwonder
18,1205537,Skydance Media
19,1205537,Di Bonaventura Pictures
20,8651604,Capcom Company
21,8651604,Mixter Ed Industries
22,0059678,The Mirisch Corporation
23,0780485,FWW Films
24,0780485,Fake Wood Wallpaper
25,2314824,Mad Chance
26,2314824,Starboard Entertainment
27,0094025,Touchstone Pictures
28,0094025,Silver Screen Partners II
29,0094025,Cinderella
30,15781790,Alexandra Schatz Filmproduktion
31,15781790,Slugger Film AB
32,15781790,Submarine
33,0268094,Paramount Television
34,0268094,Rego Park
35,1117392,Unified Pictures
36,1117392,Ambient Entertainment GmbH
37,1117392,White Horse Pictures
38,6638042,DMG Entertainment
39,0156887,Rex Entertainment
40,0156887,Kotobuki Seihan Printing
41,0156887,Asahi Broadcasting Corporation (ABC)
42,0088850,Davis Entertainment
43,0088850,Lawrence Gordon Productions
44,4697290,Film i Västerbotten
45,4697290,Tre Vänner Produktion AB
46,0105810,Cinetel Films
47,0105810,John Cornett & Doc Productions
48,6586344,Miso Film
49,6586344,Public Service Puljen
50,0331933,Revolution Studios
51,0331933,Bel Air Entertainment
52,7298596,Bunya Productions
53,0100685,Cinehaus
54,0100685,Orion Pictures
55,0100685,The Rank Organisation
56,0086287,London Weekend Television (LWT)
57,6044910,Bona Film Group
58,6044910,Bona Entertainment
59,6044910,Huaxia Film Distribution
60,6098546,Motto Pictures
61,6098546,Smoke & Apple Films
62,0332318,Anima Kids
63,0332318,CinéGroupe
64,0332318,Filmax
65,7069178,Star Creatives
66,13966962,Disney+
67,13966962,Marvel Studios
68,13966962,Walt Disney Pictures
69,11525390,Hillin Entertainment
70,11525390,Benetone Films
71,11525390,Legion XIII
72,0069956,Roas Produzioni
73,0069956,Medusa Distribuzione
74,0086979,River Road Productions
75,0086979,Foxton Entertainment
76,15141288,Capitol Records
77,2334873,Gravier Productions
78,2334873,Perdido Productions
79,0477139,No Matter Pictures
80,0477139,Crispy Films
81,0477139,Adam Sherman
82,0383153,Cheyenne Enterprises
83,0383153,Lexington Films
84,0383153,USA Television Network
85,6818880,Kvartal 95 Studio
86,10022384,Passionflix
87,12618926,El Deseo
88,12618926,Pathé
89,12618926,Radio Televisión Española (RTVE)
90,10023172,Les Films Pelléas
91,10023172,Versus Production
92,10023172,Auvergne Rhône-Alpes Cinéma
93,0070672,Twentieth Century Fox
94,0070672,Philip D'Antoni Productions
95,5095030,Canadian Film or Video Production Tax Credit (CPTC)
96,5095030,The Province of Ontario
97,2717822,Forward Pass
98,2717822,Legendary Entertainment
99,0119217,Miramax
100,0119217,Be Gentlemen Limited Partnership
101,0119217,Lawrence Bender Productions
102,9728962,Sharpy
103,9728962,Wired Shut Production
104,0089470,Gomillion Studios
105,0089470,Delphi III Productions
106,0089470,The Guber-Peters Company
107,0425430,Screen Gems
108,0425430,Ghost House Pictures
109,0053666,Paris Film
110,0053666,Panitalia
111,8242058,Jam City
112,8242058,Portkey Games
113,0078780,Anaguel Films
114,0078780,Lisberger Studios
115,4595412,Marvel Entertainment
116,4595412,Marvel Television
117,10192704,Purplelight Pictures
118,7914938,Filmgerberei
119,0089695,Seasonal Film Corporation
120,0089695,New World Pictures
121,0084133,Kings Road Entertainment
122,0084133,Mark Films Ltd.
123,0084133,John M. Eckert Productions Ltd.
124,0493464,Spyglass Entertainment
125,0493464,Relativity Media
126,6053438,Killer Films
127,6053438,Omeira Studio Partners
128,6053438,Fibonacci Films
129,2262315,Anonymous Content
130,2262315,Ball & Chain Productions
131,2262315,Star Thrower Entertainment
132,6018502,Kenzo
133,6018502,MJZ
134,14140886,Empreinte Digitale
135,0048960,Michael Todd Company
136,6851410,BIND
137,6851410,KRO-NCRV
138,2319739,Dark Epic Films
139,9303756,Magic Light Pictures
140,9303756,Zweites Deutsches Fernsehen (ZDF)
141,0065889,Vera Films
142,0078417,Corporación Nacional Cinematográfica (CONACINE)
143,0078417,Productora Filmica Real
144,3654796,Blumhouse Productions
145,3654796,Duplass Brothers Productions
146,4963986,Defender Films
147,0762073,CJ Entertainment
148,0762073,Focus Features International
149,0762073,Benex Movie Expert Fund
150,0217756,Outlaw Productions (I)
151,0217756,Tollin/Robbins Productions
152,8141808,Hope Animation
153,8433210,Path of Thorns Entertainment
154,0118617,Fox Animation Studios
155,0118617,Twentieth Century Fox Animation
156,0203237,Movic
157,0203237,Pierrot
158,0203237,Shueisha
159,11697484,Daniel Grodnik Productions
160,11697484,Fury Film Franchise
161,11697484,Lucid Film
162,15837600,Latin World Entertainment (LWE)
163,6547786,Lionsgate
164,6547786,Sprockefeller Pictures
165,6547786,Wildfire Pictures (II)
166,0109219,Barcelona Films
167,0109219,Fine Line Features
168,0163467,London Weekend Television (LWT)
169,4943218,Abis Studio
170,4943218,Imagenation Abu Dhabi FZ
171,0762114,Village Roadshow Pictures
172,0762114,Robert Simonds Productions
173,0038924,Ortus Films
174,0038924,Sydney Box Productions
175,0080764,A.M.A. Film
176,0080139,Winter Gold Productions
177,7664504,RAW
178,8236336,Vice Studios
179,8236336,Topic Studios
180,8236336,Unbranded Pictures
181,0113114,Warner Bros. Family Entertainment
182,0113114,Canal+
183,0113114,New Regency Productions
184,0087817,Broadway Pictures
185,0087817,Metro-Goldwyn-Mayer (MGM)
186,0066578,Mayflower Pictures
187,0091810,UAA Films
188,0091810,Middle Reef
189,0091810,Western Film Productions
190,4000870,Gamechanger Films
191,4000870,Leeden Media
192,4000870,Lakeview Productions
193,0465375,NALA Films
194,0465375,Supino Pictures
195,5774450,Brightlight Pictures
196,5774450,Gunpowder & Sky
197,0090669,British Broadcasting Corporation (BBC)
198,0090669,A+E Networks
199,0090669,7 Network
200,13924926,Silver Creek Films
201,0107473,Mad Dog Productions
202,1706680,Eden Pictures
203,7798604,Temple Hill Entertainment
204,0111503,Lightstorm Entertainment
205,16374856,All Canadian Entertainment
206,16374856,GAC Family
207,16374856,Hallmark Channel
208,5822848,Leo and King
209,5822848,Aerial Contrivance Workshop
210,5822848,Carte Blanche
211,5827916,Fox Searchlight Pictures
212,5827916,TSG Entertainment
213,5827916,Elizabeth Bay Productions
214,9283920,China Modern Film and Television Development
215,9283920,Film Fireworks
216,9283920,Mokexing Film
217,0452608,Cruise/Wagner Productions
218,12246190,Drama House
219,12246190,JTBC Studios
220,12246190,Samhwa Networks
221,15229966,Beta Film
222,15229966,Drugi Plan
223,15229966,HRT Television
224,6910006,Berserk Films
225,6910006,Samson Films
226,6910006,Palomar Pictures (II)
227,6089700,Big Rock Films
228,6089700,Westridge Films
229,10798660,Universal 1440 Entertainment
230,10798660,Indy Entertainment
231,0042367,Stanley Kramer Productions
232,0072288,The Malpaso Company
233,0093170,Sil-Metropole Organisation
234,5776468,87North
235,5776468,Freckle Films
236,5776468,Nine Stories Productions
237,3458254,Vincent Newman Entertainment
238,0089013,DACFILM Rome
239,5311542,Pergamon Film
240,5311542,Wiedemann & Berg Filmproduktion
241,5311542,Beta Cinema
242,7991608,Netflix
243,7991608,Seven Bucks Productions
244,7991608,Flynn Picture Company
245,0118900,Kouf/Bigelow Productions
246,0118900,Blue Rider Pictures
247,0066993,Russo Productions
248,5164184,42
249,1727816,Screwed Film
250,0106469,Hollywood Pictures
251,0106469,Touchwood Pacific Partners 1
252,0106469,Vato De Atole Productions
253,0454082,Dimension Films
254,0454082,2929 Productions
255,0454082,Adelstein-Parouse Productions
256,0101143,Hartswood Films
257,0101143,Thames Television
258,10925572,Falster
259,0161292,Det Danske Filminstitut
260,0161292,Kamikaze
261,0161292,Scanbox Entertainment
262,0044386,Producciones Tepeyac
263,0044386,Oscar Dancigers Production
264,0088680,The Geffen Company
265,0088680,Double Play
266,0094625,Akira Committee Company Ltd.
267,0094625,Akira Studio
268,0094625,TMS Entertainment
269,1235189,CinemaNX
270,1235189,Isle of Man Film
271,3864056,Amazon Studios
272,3864056,Color Force
273,0763840,Metro-Goldwyn-Mayer (MGM)
274,0763840,Millennium Films
275,0763840,Emmett/Furla/Oasis Films (EFO Films)
276,1373156,Eros Worldwide
277,1373156,Excel Entertainment
278,1373156,Magic Beans
279,1805647,Madhouse
280,1805647,Nippon Animation Co.
281,0331953,Broken Lizard Industries
282,0331953,Cataland Films
283,0331953,Coconut Pete Productions
284,12048276,GMMTV
285,1407061,Flavor Unit Entertainment
286,1407061,Dune Entertainment
287,0080461,Lee Mendelson Film Productions
288,0080461,Bill Melendez Productions
289,0080461,Charles M. Schulz Creative Associates
290,0086659,British Broadcasting Corporation (BBC)
291,0060831,Bert I. Gordon Productions
292,1966385,BBC Films
293,1966385,MEDIA Programme of the European Union
294,1966385,UK Film Council
295,3212608,Rumpus Room Productions
296,3212608,Elpis Films
297,1596363,Plan B Entertainment
298,1015471,Cine Mosaic
299,1015471,Deep Forest Productions
300,1015471,Evenstar Films
301,0084997,Highgate Pictures
302,0103962,Christopher Columbus Productions
303,0103962,Quinto Centenario
304,0074291,Produzioni Europee Associate (PEA)
305,18071320,Global Ascension Studios
306,18071320,2B Films
307,18071320,Wild7Films
308,0066195,Rastar Pictures
309,0066195,Tom Ward Enterprises
310,0102383,Kuchenreuther Filmproduktion GmbH
311,0102383,Neue Studio Film
312,0102383,Zweites Deutsches Fernsehen (ZDF)
313,0067280,Filmation Associates
314,0203119,Recorded Picture Company (RPC)
315,0203119,FilmFour
316,0203119,Chronopolis Films
317,6895284,Hacienda Film Co.
318,6895284,Paradox Film Group
319,6895284,Strange Vision
320,0089338,Racing Pictures
321,0995845,Films In Motion
322,0093748,Hughes Entertainment
323,0097162,Kennedy Miller Productions
324,0097162,Lynx Location Services
325,12279642,LB Entertainment
326,0090633,U-Drive Productions
327,0090633,Sullivan Studios
328,10478562,Tango Gameworks
329,3138558,Present Pictures
330,0185371,Dark Castle Entertainment
331,0366627,Mandalay Pictures
332,0366627,Warner Independent Pictures (WIP)
333,0089964,Empire Pictures
334,0089964,Roger Amante Productions
335,9073746,Marvel Animation
336,4136456,Nazz Productions
337,4136456,Pelican Films
338,3339674,Voltage Pictures
339,3339674,Elevated Productions
340,3339674,Act 4 Entertainment
341,0119843,Australian Film Finance Corporation (AFFC)
342,0119843,Dalton Films
343,0062886,Wolper Pictures
344,5807628,Blueprint Pictures
345,5807628,Pixoloid Studios
346,8328740,Dream Link Entertainment (DLE)
347,8328740,Wakaokami Project
348,0337764,Home Box Office (HBO)
349,0337764,Blue Hotel Productions
350,1194417,An Olive Branch Productions
351,1194417,Bagman (2009)
352,1194417,Hannibal Media
353,2350892,CB Productions
354,2350892,ANA Media
355,2350892,Mandalay Vision
356,7052494,Elipsis Capital
357,7052494,Premiere Picture
358,7052494,Sculptor Media
359,0053232,Fortunafilm
360,0053232,Gustaf Unger Films
361,0117631,Australian Film Finance Corporation (AFFC)
362,0117631,Film Victoria
363,0117631,Momentum Films
364,1217613,Original Film
365,12594678,Fremantle
366,12594678,Passenger
367,4034228,K Period Media
368,4034228,Pearl Street Films
369,1152758,MSNBC Films
370,9174578,Slim Film + Television
371,9174578,Federation Entertainment
372,9174578,Peu Communication Solutions
373,6205872,BRON Studios
374,6205872,Foxtail Entertainment
375,6205872,Phantom Four Films
376,0273982,Gold Circle Films
377,0273982,Cutting Edge Entertainment
378,0273982,Newman/Tooley Films
379,3105422,AT-X
380,3105422,Production I.G.
381,7129636,Matthew A. Cherry Entertainment
382,7129636,Chasing Miles
383,7129636,Lion Forge Animation
384,0098471,Silver Screen Partners IV
385,0120569,Balenciaga Productions
386,0120569,Keller Entertainment Group
387,0120569,Threshold Entertainment
388,4648786,Martin Chase Productions
389,4648786,New Balloon
390,4648786,Perfect World Pictures
391,0115685,United Artists
392,15169492,Atypical Artists
393,1319694,Screen East Content Investment Fund
394,2112210,Julijette
395,2112210,Banana-Moon Sky Films
396,2112210,Kosher Sexy Films
397,0118178,Disney Channel
398,0118178,Leucadia Film Corporation
399,0060522,World Wide Productions
400,11351236,Cloudco Entertainment
401,11351236,Kaveleer Productions
402,11351236,WatchNext Media
403,13642264,WhyNot Media
404,1620981,Metro-Goldwyn-Mayer (MGM)
405,1620981,Cinesite Animation
406,0097444,Toho Company
407,0097444,Toho Eizo Co.
408,0097444,Toho Pictures
409,0920448,Eyeworks
410,0920448,Multimedia Groep (MMG)
411,0920448,Televisie Radio Omroep Stichting (TROS)
412,10899402,Gibby Pictures
413,7521898,Celltrion Entertainment
414,2866708,Automatik Entertainment
415,2866708,First Generation Films
416,2866708,Head Gear Films
417,4321306,Screen Australia
418,4321306,Guerin Group Films
419,4321306,Four Anchor Island
420,1895315,N279 Entertainment
421,1895315,Proton Cinema
422,1895315,Backup Media
423,0031405,Leon Schlesinger Studios
424,2461172,Foxx-King Entertainment
425,9169636,Abbott Vision
426,9169636,SKY Studios
427,9653068,Mariotravel209
428,9653068,Nintendo
429,9653068,Valve
430,0119404,A+E Networks
431,0119404,London Weekend Television (LWT)
432,13846414,Lupa Film
433,13846414,DCM Pictures
434,13846414,Zweites Deutsches Fernsehen (ZDF)
435,0112466,TorchLight Entertainment
436,0107870,Full Moon Entertainment
437,0107870,Moonbeam Entertainment
438,14533820,Screen Scene Media Entertainment
439,0057813,Holdean
440,0317740,De Line Pictures
441,0317740,Mestiere Cinema
442,6409762,Fresh Cats Productions
443,6409762,Papa Octopus Productions
444,1139797,EFTI
445,1139797,Sandrew Metronome Distribution Sverige AB
446,1139797,Filmpool Nord
447,7653254,Heyday Films
448,0418131,20th Century Fox Home Entertainment
449,0418131,David Evans Pictures
450,7377132,Haut et Court
451,7377132,Savage Film
452,0080365,Freddie Fields Productions
453,0088100,National Cinematografica
454,0088100,Nuova Dania Cinematografica
455,0088100,Filmes International
456,0103239,Spectacor Films
457,0103239,Frederick S. Pierce Company
458,0103239,Home Box Office (HBO)
459,1519461,Aramid Entertainment Fund
460,1519461,IM Global
461,1928330,Amber Lamps
462,1928330,Silver Nitrate
463,5598292,BenderSpink
464,5598292,Eldorado Film
465,8267604,Mooz Films
466,8267604,Cedrus Invest Bank
467,8267604,Sunnyland Film
468,0080419,Svenska Filminstitutet (SFI)
469,0080419,Treklövern
470,0131857,Zucker Brothers Productions
471,0318081,Franchise Pictures
472,0318081,Crusader Entertainment
473,0318081,ApolloMedia Distribution
474,10199590,Srab Films
475,10199590,Rectangle Productions
476,10199590,Lyly Films
477,0027260,Metro-Goldwyn-Mayer (MGM)
478,0964587,Ealing Studios
479,0964587,Entertainment Film Distributors
480,0964587,Fragile Films
481,4442758,Parameswara Arts
482,0113416,Smash Pictures (II)
483,0312528,Dreamworks Pictures
484,0312528,Imagine Entertainment
485,6904272,CJ E&M Film Financing & Investment Entertainment & Comics
486,6904272,JK FILMS
487,0271295,British Broadcasting Corporation (BBC)
488,0271295,Valentine Productions
489,0069895,Pittsburgh Films
490,0093624,Meridian Productions
491,0093624,Paragon Arts International
492,0935075,Olympus Pictures
493,0935075,Blossom Films
494,0935075,MWM Studios
495,4154664,Animal Logic
496,0035211,The Samuel Goldwyn Company
497,0286788,Gaylord Films
498,0286788,DiNovi Pictures
499,0063946,Incorporated Television Company (ITC)
500,13612448,EQ Media Group
501,13612448,Libertine Pictures
502,13612448,Hardy White Pictures
503,4773054,Hoorakhsh studios
504,4773054,7Sky Animation
505,0449467,Paramount Vantage
506,5302168,World Warrior
507,0107711,Adelson-Baumgarten Productions
508,0109890,Largo Entertainment
509,0109890,JVC Entertainment Networks
510,0094074,Cannon Films
511,0094074,Golan-Globus Productions
512,3208802,New Films International
513,0826593,Alianza Films International
514,0826593,Hollywood Phoenix Studios
515,0826593,Moving Pictures Media Group
516,0090357,Amblin Entertainment
517,0090357,Industrial Light & Magic (ILM)
518,17024632,HYBE
519,0365847,JCE Movies
520,0365847,China Film Group Corporation (CFGC)
521,2837574,Condé Nast Publications
522,2837574,Endgame Entertainment
523,0169473,Asatsu-DK
524,0169473,Dynamic Planning
525,0169473,Toei Animation
526,2122313,RMV Film
527,4210080,Bungalow Media + Entertainment
528,4210080,Lighthouse Pictures
529,4210080,Sapphire Fire Limited
530,10944486,Yale Productions
531,10944486,Media Finance Capital
532,10944486,Idiot Savant Pictures
533,2326204,Adnuco Pictures
534,5540188,Atmo Production
535,5540188,Ostlicht Filmproduktion
536,5540188,Final Cut for Real
537,2923316,Glacier Films
538,2923316,NGN Productions
539,0210945,Jerry Bruckheimer Films
540,0210945,Run It Up Productions Inc.
541,0210945,Technical Black
542,12399056,Voice Pictures
543,12399056,775 Media Corp
544,1440728,Greenlit Rights
545,1440728,Smokehouse Pictures
546,11343494,CBS Television Studios
547,11343494,Spartina Productions
548,0293416,Bandai Visual Company
549,0293416,DENTSU Music And Entertainment
550,0293416,Imagica Corp.
551,2049543,Soapbox Films
552,2049543,POP Films
553,1398426,New Line Cinema
554,4575512,Kennedy Miller Mitchell
555,0116745,CiBy 2000
556,0116745,Sandcastle 5 Productions
557,0260866,NPV Entertainment
558,15430628,Alibaba Pictures
559,15430628,Beijing Hairun Pictures Company
560,15430628,HG Entertainment Film Company
561,16418896,Berlanti Productions
562,16418896,Warner Bros. Television
563,9072352,Carver Films
564,9072352,AGBO
565,1885325,DRC Productions
566,1731708,Mondo TV
567,1731708,Play Entertainment
568,1731708,R.T.I.
569,6873692,Rebellion Developments Ltd.
570,6873692,Rebellion Productions
571,1620449,Constantin Film
572,1686812,Masterpiece
573,6967966,Ubisoft Montreal
574,0072886,George Pal Productions
575,2365580,Annapurna Pictures
576,2365580,Detour Filmproduction
577,0095016,Gordon Company
578,0095016,Silver Pictures
579,5459168,Etamp Film Production
580,5459168,HBO Europe
581,5459168,Nutprodukce
582,0089274,New Realm Entertainments
583,0089274,VTC
584,0902290,Glass Eye Pix
585,3881026,Black Lion Pictures
586,3881026,Frozen Flame Pictures
587,3881026,Bad Beaver Productions
588,0120689,Darkwoods Productions
589,0056869,Alfred J. Hitchcock Productions
590,0078915,Chuck Jones Enterprises
591,1551630,Imprint Entertainment
592,1551630,Most Films
593,1551630,Extravaganza Entertainment
594,2041331,Aeroplano
595,2041331,La.Lune Entertainment
596,2004420,Good Universe
597,2004420,Point Grey Pictures
598,9075388,ACE Pictures Entertainment
599,1900893,GAGA.
600,1900893,Himizu Film Partners
601,1900893,Kôdansha
602,1878942,Dude Productions
603,1878942,Laurence Mark Productions
604,0101258,In-Gear Film
605,8342680,Ingenious Media
606,8342680,Wonderful Films
607,3748256,Pixar Animation Studios
608,15773254,AMPLE
609,15773254,Hyperobject Industries
610,0099484,Iberoamericana Films Internacional
611,0099484,Apricot
612,6814914,Pyramide Productions
613,6814914,Blonde Audiovisual Productions
614,1324059,Dharma Productions
615,0066214,Goodtimes Enterprises
616,0087884,Road Movies Filmproduktion
617,0087884,Argos Films
618,0087884,Westdeutscher Rundfunk (WDR)
619,4565520,Creative Wealth Media Finance
620,0058405,Hammer Films
621,0252462,"Riviera Hotel, Las Vegas"
622,0252462,Independent Network (INI)
623,0252462,David McLane Enterprises
624,0117397,Alien Productions
625,0117397,Patchett Kaufman Entertainment
626,0117397,Paul Fusco Productions
627,3602976,AMC Studios
628,3602976,Scott Free Productions
629,6679794,Sigma Films
630,6679794,Clockwork Sessions
631,0075620,Estudios Churubusco Azteca S.A.
632,0075620,Panorama Films
633,0101669,Mirage Enterprises
634,7493366,Cleopatra Entertainment
635,1861225,British Broadcasting Corporation (BBC)
636,13060796,Miss Juliet Productions
637,0067334,Cinema Center Films
638,0067334,Solar Productions
639,2563158,Big Talk Productions
640,4885916,Fu Jian Heng ye Film Distribution CO.
641,4885916,Gold Valley Films
642,9218128,Parkes/MacDonald Image Nation
643,0450843,120 Films
644,0450843,La Chauve Souris
645,0450843,StudioCanal
646,0295914,Naughty Dog
647,0295914,Universal Interactive Studios
648,15470214,20th Television Animation
649,15470214,Fox Entertainment
650,15470214,Fuzzy Door Productions
651,5439812,Gigi Films
652,5439812,Ramona Films
653,0845746,Haddock Entertainment
654,0845746,Watcher Films (II)
655,11364112,Hillman Grad
656,11364112,Media Res
657,5235880,Balaji Motion Pictures
658,3748918,"Coverage, Ink"
659,10431262,Encourage Films
660,0081249,Time Life Films
661,7369550,El Ride Productions
662,7369550,Fry Cook Productions
663,2535470,Guerilla Films
664,11349196,Network Movie
665,0101615,Alive Films
666,0101615,Capella
667,0101615,Koppelmann/Bandier-Carnegie Pictures
668,2401798,Vault Media
669,0063678,Aetos Produzioni Cinematografiche
670,0063678,B.R.C. Produzione S.r.l.
671,0080486,Eurociné
672,0080486,J.E. Films (Julian Esteban Films)
673,0080486,Lisa-Film
674,12446086,Bat in the Sun Productions
675,12446086,Legend of the White Dragon
676,2162709,Warner Premiere
677,5651338,die Film GmbH
678,0082085,Filmways Pictures
679,0082085,Geria Productions
680,15331908,BFI Film Fund
681,15331908,Ghost Wolf Productions
682,5769154,DC Entertainment
683,5769154,Frame Machine
684,5769154,NetherRealm Studios
685,0346491,Intermedia Films
686,0346491,Pacifica Film
687,1340773,Gato Negro Films
688,0097770,White Eagle
689,0097770,Carolco Pictures
690,9652888,DeVan Clan Productions
691,0091341,Mosfilm
692,1540133,Reprisal Films
693,1540133,Element Pictures
694,1540133,Hindsight Media
695,0120390,Rysher Entertainment
696,5121816,El Bar Producciones
697,5121816,Atresmedia Cine
698,0054567,AP Films (APF)
699,0054567,Incorporated Television Company (ITC)
700,0051063,Marquette Productions Ltd.
701,4920450,Dschoint Ventschr Filmproduktion AG
702,4920450,IV Films
703,4920450,Ma.Ja.De Filmproduktion
704,3103620,Upward Rising Development
705,9707580,Captcha Entertainment
706,9707580,Rolling Thunder Films
707,9707580,Escape Plan Pictures
708,0055894,Allied Artists Pictures
709,0055894,Security Pictures Ltd.
710,0164917,Studio 4°C
711,0164917,Tokyo Broadcasting System (TBS)
712,0110889,PolyGram Filmed Entertainment
713,0119196,Enchanter Entertainment
714,0119196,Island Pictures
715,1085779,Bold Films
716,1085779,The Hole
717,1095217,Pressman Film
718,1095217,Saturn Films
719,0144714,Chum Television
720,0144714,Davis-Panzer Productions
721,0144714,Fireworks Entertainment
722,7034108,Obsidian Entertainment
723,1630029,20th Century Studios
724,0372532,26 Films
725,0372532,Visionview Production
726,0347791,4 Kids Entertainment
727,0347791,Pikachu Project 2002
728,1458674,Klasky-Csupo
729,1458674,McDonald's Corporation
730,0437863,Happy Madison Productions
731,0067500,Interfilme
732,0067500,Plata Films S.A.
733,0762125,TriStar Pictures
734,0762125,Ilion Animation Studios
735,0762125,HandMade Films
736,8110232,Chase Films
737,8110232,HBO Films
738,8110232,Home Box Office (HBO)
739,1104123,ApolloMovie Beteiligungs
740,1104123,Film Afrika Worldwide
741,0059635,Seven Arts Productions
742,12226808,The Asylum
743,0078308,Charles Fries Productions
744,0086525,Atlantic Entertainment Group
745,0086525,Valley 9000 Productions
746,1778346,VersaceEntertainment
747,1389137,LBI Entertainment
748,1389137,Vinyl Films
749,0926762,Woestijnvis
750,3528666,WWE Studios
751,0077975,Oregon Film Factory
752,0077975,Stage III Productions
753,0291341,The Ruddy Morgan Organization
754,0291341,Brad Grey Pictures
755,0406310,Universal Animation Studios
756,6902676,Altitude Film Entertainment
757,6902676,Four Knights Film
758,6902676,Hyperion Media Group
759,8888656,Woodcut Media
760,8888656,Sky Television
761,0111252,Buckeye Films
762,0111252,Swelter Films
763,14362698,Eagle Pictures
764,9054192,AGC Studios
765,9054192,Marquee Entertainment
766,9054192,Red Hour Films
767,3629520,Anime International Company (AIC)
768,3629520,Artmic
769,0099108,Shapiro-Glickenhaus Entertainment
770,0026663,Metro-Goldwyn-Mayer (MGM)
771,1674782,Overbrook Entertainment
772,3513548,Appian Way
773,3513548,Misher Films
774,3513548,75 Year Plan Productions
775,4738776,Buffalo 8 Productions
776,4738776,The Bubble Factory
777,0460810,Bristol Bay Productions
778,0460810,Playtone
779,0460810,Great Buck Productions
780,3977848,Fuse Box Films
781,3977848,Slice Production Studios
782,0430770,Picturehouse
783,0430770,Scion Films
784,0430770,Inferno Distribution
785,2180271,Sveriges Television (SVT)
786,2180271,Matador Film
787,2180271,Danmarks Radio (DR)
788,0401398,Disneytoon Studios
789,0317648,Casey Silver Productions
790,0317648,Dune Films
791,0082509,Guardian Trust Company
792,0082509,Canadian Film Development Corporation (CFDC)
793,1135503,Easy There Tiger Productions
794,1135503,Scott Rudin Productions
795,0077065,Mark VII Ltd.
796,0077065,Worldvision
797,0482572,Solaris
798,0482572,O'Connor Brothers
799,4905554,Australian Broadcasting Corporation (ABC)
800,4905554,Easy Tiger Productions
801,4905554,Essential Media & Entertainment
802,0361693,Lions Gate Films
803,0361693,Capital Arts Entertainment
804,0068282,American International Pictures (AIP)
805,0068282,Four Associates
806,0084887,Battletruck Films
807,0084887,WingNut Films
808,0893509,Rigel Entertainment
809,0893509,First Look International
810,0893509,Pneumatic Pictures
811,0053611,Roger Corman Productions
812,0069715,Amicus Productions
813,0482374,Working Title Films
814,0482374,Australian Film Finance Corporation (AFFC)
815,5513260,Rainmaker Animation & Visual Effects
816,5513260,Sony Pictures Animation
817,0363668,The Greenblatt Janollari Studio
818,0058530,Aubrey Schenck Productions
819,2090883,Tele München Fernseh Produktionsgesellschaft (TMG)
820,2090883,Entertainment Factory Film- und Fernsehproduktions GmbH
821,2090883,ARD Werbung
822,0041162,Sam Katzman Productions
823,0080641,Juniper Films
824,8561690,Instituto Nacional de Cine y Artes Audiovisuales (INCAA)
825,8561690,Instituto de la Cinematografía y de las Artes Audiovisuales (ICAA)
826,8561690,Mediapro
827,3176418,Tippett Studio
828,0185014,Mutual Film Company
829,0185014,British Broadcasting Corporation (BBC)
830,0185014,Marubeni
831,0858492,Sri Keerthi Creations
832,0086036,Canadian Film Development Corporation (CFDC)
833,0086036,Famous Players Limited
834,0064665,Jerome Hellman Productions
835,0064665,Florin Productions
836,0102862,Wyn-Ray Entertainment
837,6851660,AA Studio
838,6851660,ARD/ZDF
839,6851660,Studio 100 Animation
840,3289712,MM Productions
841,3289712,Merced Media Partners
842,3289712,PalmStar Media
843,2490326,SpectreVision
844,0109446,Alcor Films
845,1212974,Bombshell Pictures
846,0354356,Fidélité Productions
847,0354356,France 2 Cinéma
848,0354356,FOZ
849,2131644,Epona Films
850,1046997,40 Acres & A Mule Filmworks
851,1046997,On My Own
852,1046997,Rai Cinema
853,8385474,Walden Media
854,8385474,Reliance Entertainment
855,6443526,Bungie Studios
856,6443526,Origami Digital
857,6443526,Weta Digital
858,2101441,Muse Productions
859,2101441,Division Films
860,2101441,O' Salvation
861,0119887,Papazian-Hirsch Entertainment International
862,0161083,Metro-Goldwyn-Mayer (MGM)
863,0161083,Turman/Morrissey Company
864,0161083,Hyde Park Entertainment
865,1010271,Brothers Dowdle Productions
866,1010271,Poughkeepsie Films
867,18765420,Candy Bar Productions
868,18765420,Full Moon Empire
869,10126434,Irony Point
870,10126434,Scare me
871,10126434,Artists First
872,6490930,Wild Media Entertainment
873,6490930,Hawkeye Pictures
874,0054067,Galatea Film
875,0054067,Jolly Film
876,14342730,Film New Wave
877,0171356,Fortis Films
878,0089200,Ghoulies Productions
879,5534434,ArieScope Pictures
880,5534434,IncitefulMedia
881,12550376,Picaro Films
882,12550376,Checkluck Films
883,12550376,Freebie Films
884,0362942,Tandem Communications
885,0362942,Tandem Productions
886,0362942,Unified Film Organization (UFO)
887,7089878,Kyoto Animation
888,7089878,Bandai Namco Arts
889,7089878,Pony Canyon
890,0120241,Live Entertainment
891,0120241,Dinamo Entertainment
892,0120241,Eyes 'n Rice
893,0403407,Roc Media
894,0403407,Sensible Films
895,0403407,Spice Factory
896,1340094,Hassell Free Production
897,1340094,Davis-Films
898,15214902,Silver Peak Productions
899,3688342,Wee Buns
900,3688342,Ripple World Pictures
901,3688342,Entertainment One
902,3696720,Levens
903,3696720,Sea to Sky Entertainment
904,12882620,Blumhouse Television
905,13152186,Picture Perfect
906,0220261,Danmarks Radio (DR)
907,0115759,Mark Gordon Productions
908,0115759,WCG Entertainment Productions
909,14112080,4 Leagues Media
910,2980210,X-Filme Creative Pool
911,2980210,22h22
912,2980210,Fábrica de Cine
913,7339862,Scythia Films
914,7339862,Social Construct
915,0295178,Gratitude International
916,0295178,Team Todd
917,5198890,Endeavor Content
918,5198890,Film4
919,5198890,Likely Story
920,0421206,Columbia Pictures Industries
921,0421206,Visual Arts Entertainment
922,0145660,Moving Pictures (I)
923,0036696,Metro-Goldwyn-Mayer (MGM)
924,15181094,Lotte Cultureworks
925,11057644,1492 Pictures
926,11057644,Wonder Worldwide
927,0072271,Vortex
928,1253864,Virgin Produced
929,1253864,Mark Canton Productions
930,8595586,Duea Film
931,8595586,Ruggente Film
932,3893620,Sreda
933,14408016,Studio S
934,14408016,United Artist Agency
935,0350774,Anchor Bay Entertainment
936,0350774,Ambush Entertainment
937,0350774,Goal Line Productions
938,4185364,Tyler Perry Studios
939,4185364,Bento Box Entertainment
940,0184894,Roger Birnbaum Productions
941,0217107,Rainforest Films
942,0217107,Rainforest Productions
943,0217107,TRF Productions
944,9603082,Saul Projects
945,9603082,Taylor Swift Productions
946,11460508,Hat Trick Productions
947,0050143,Hollywood International Pictures
948,0072239,Finiton Productions
949,0107302,Viacom Productions
950,0107302,Propaganda Films
951,9272568,Kaos Entertainment
952,1828970,FilmEngine
953,1828970,Marc Platt Productions
954,8707436,Hammerstone Studios
955,8707436,Turbo Panda Productions
956,13130838,Sea and Sky Pictures
957,14115938,Nexus
958,0422720,Pricel
959,0422720,Tohokushinsha Film Corporation (TFC)
960,9000224,3311 Productions
961,9000224,Bellmer Pictures
962,9000224,Cinereach
963,2390791,FremantleMedia
964,2390791,Bravado Productions
965,0417503,MGA Entertainment
966,0098492,Gainax
967,0098492,Victor Entertainment
968,10998174,ROP Productions
969,0120738,Saltire Entertainment
970,0120738,Irwin Allen Productions
971,4925292,IAC Films
972,4925292,Entertainment 360
973,1031280,ContentFilm International
974,1031280,Magnet Releasing
975,1031280,Indion Entertainment Group
976,7040874,Feigco Entertainment
977,0052893,Como Films
978,0052893,Daiei Studios
979,0120780,Jersey Films
980,9861332,BBC TV
981,0449092,Catchlight Films
982,0322645,Sunrise
983,0325655,Film Workshop
984,0325655,Applause Pictures
985,0325655,Mediacorp Raintree Pictures
986,5144174,Made Up Stories
987,5144174,Arenamedia
988,5144174,Cornerstone Films
989,0050147,Los Altos Productions
990,10933680,Compound B
991,10933680,DC2 Productions
992,10933680,Leverage Film Funding
993,12015102,Kiccha Creations
994,12015102,Shalini Artss
995,13186604,Industry Entertainment
996,1186370,Barbarian Films
997,1186370,Katalyst Films
998,1186370,Oceana Media Finance
999,4112470,Ríkisútvarpið-Sjónvarp (RÚV)
1000,16150204,Player First Games
1001,16150204,Warner Bros. Games
1002,0064546,Filmové studio Barrandov
1003,0377713,Mad Circus Films
1004,0377713,Lions Gate Entertainment
1005,0377713,Mr. X
1006,0092493,Rimfire Films
1007,5372890,FLX
1008,11274100,Legion M
1009,6032812,Hunter 11 Films
1010,6032812,Iervolino & Lady Bacardi Entertainment
1011,6032812,Iervolino Entertainment
1012,6476140,Blue Budgie Films Limited
1013,6476140,Global Road Entertainment
1014,0095655,MJJ Productions
1015,0095655,Ultimate Productions
1016,0095655,Will Vinton Studios
1017,0432348,Twisted Pictures
1018,0432348,Evolution Entertainment
1019,0432348,Got Films
1020,1320296,Gunslinger
1021,1320296,Gateway Films
1022,8387464,Potato Eater Productions
1023,8387464,SRS Cinema
1024,0086618,Seagoat Films
1025,0086618,Hemdale
1026,0086618,Cinema '84
1027,0094061,Concorde Pictures
1028,0065481,American International Pictures (AIP)
1029,0366777,Pathé Pictures International
1030,1748207,Skyscraper Films
1031,0075936,Charm City Productions
1032,0118607,Home Box Office (HBO)
1033,2719848,RVK Studios
1034,12466076,Tims & B Productions
