keyword,mID
mystery killer,1486192
murder of a police officer,1486192
psychotronic film,1486192
character repeats someone else's dialogue,1486192
trapdoor,1486192
scooby doo character,13676256
cartoon dog,13676256
dog,13676256
airplane,13676256
parachute,13676256
weresheep,0779982
eaten alive,0779982
animal castration,0779982
mad lamb disease,0779982
lamb,0779982
oil,0110725
environmental,0110725
murder,0110725
tribe,0110725
oil spill,0110725
literature on screen,0067589
american literature on screen,0067589
humoristic literature on screen,0067589
american humoristic literature on screen,0067589
20th century literature on screen,0067589
batman character,0060153
parody,0060153
campy,0060153
tongue in cheek,0060153
world domination,0060153
volcano,0118928
mayor,0118928
lava,0118928
volcanologist,0118928
volcanic eruption,0118928
private detective,0120906
neo noir,0120906
whodunit,0120906
los angeles california,0120906
detective,0120906
nintendo gamecube,0410595
playstation 2,0410595
xbox,0410595
microsoft windows,0410595
single player,0410595
jack ryan character,1205537
russian,1205537
marine,1205537
u.s. marine,1205537
terrorist plot,1205537
devil may cry,8651604
single player,8651604
playstation 4,8651604
xbox one,8651604
microsoft windows,8651604
biological warfare,0059678
germ warfare,0059678
laboratory,0059678
race against time,0059678
mad scientist,0059678
redneck,0780485
blood,0780485
satire,0780485
wheatgrass,0780485
wheelchair,0780485
sex with friend's mother,2314824
voyeur,2314824
voyeurism,2314824
nudity,2314824
female nudity,2314824
escaped convict,0094025
surveillance,0094025
undercover,0094025
stakeout,0094025
hiding under a bed,0094025
supernatural power,0268094
psychotronic series,0268094
paranormal investigator,0268094
female paranormal investigator,0268094
link,0268094
stalking,0156887
actress,0156887
obsessed fan,0156887
ambiguity,0156887
film within a film,0156887
minor league baseball,0088850
baseball player,0088850
spending money,0088850
wasting money,0088850
inheritance challenge,0088850
book,4697290
street life,0105810
realism,0105810
homelessness,0105810
forced to strip,0105810
man forced to strip,0105810
male frontal nudity,6586344
male nudity,6586344
male rear nudity,6586344
police,6586344
war veteran,6586344
middle age romance,0331933
gender in title,0331933
four word title,0331933
movie flop,0331933
fbi federal bureau of investigation,0331933
australian outback,7298596
two word series title,7298596
australian,7298596
australian noir,7298596
aboriginal australian,7298596
friendship,0100685
brother brother relationship,0100685
irish gangster,0100685
homecoming,0100685
anti hero,0100685
secret society,0086287
state secret,0086287
father daughter relationship,0086287
whodunit,0086287
suspect,0086287
mekong river,6044910
china,6044910
thailand,6044910
drone,6044910
russian roulette,6044910
murder,6098546
big brother little brother relationship,6098546
broken home,6098546
crooked mayor,0332318
corrupt mayor,0332318
mayor,0332318
mayor as protagonist,0332318
hoverbike,0332318
vampire horror,7069178
disney plus,13966962
based on comic book,13966962
based on comic,13966962
marvel cinematic universe,13966962
spin off,13966962
video nasty,0069956
five word title,0069956
interracial marriage,0069956
bloody violence,0069956
midnight movie,0069956
double cross,0086979
neo noir,0086979
private detective,0086979
crime gone awry,0086979
hired killer,0086979
female star appears nude,15141288
female frontal nudity,15141288
evil,15141288
trash,15141288
disgusting,15141288
self deception,2334873
riches to rags,2334873
snob,2334873
congenital liar,2334873
talking to oneself,2334873
suicide,0477139
hitchhiker,0477139
afterlife,0477139
road trip,0477139
black hole,0477139
fashion designer,10022384
romance novel,10022384
london england,10022384
war hero,10022384
socialite,10022384
motherhood,12618926
spanish civil war,12618926
pregnancy,12618926
single mother,12618926
photographer,12618926
male frontal nudity,10023172
male nudity,10023172
female nudity,10023172
cigarette smoking,10023172
mother son relationship,10023172
bagman,0070672
fingerman,0070672
policeman,0070672
procedural,0070672
ransom,0070672
action heroine,5095030
truth serum,5095030
based on comic book,5095030
action hero,5095030
house arrest,5095030
hacker,2717822
prison,2717822
computer,2717822
cybercrime,2717822
taxi,2717822
professor,0119217
genius,0119217
mathematical genius,0119217
loss of wife,0119217
friend,0119217
evil man,0187330
bar,0187330
murder,0187330
ex convict,0187330
killing a dog,0187330
female vigilante,0089470
female protagonist,0089470
accidental shooting,0089470
teenage heroine,0089470
injustice,0089470
sunflower,0425430
murder,0425430
ghost,0425430
strong female character,0425430
chicago illinois,0425430
love,0053666
french new wave,0053666
tiger,0053666
zoo,0053666
swimming pool,0053666
single player,8242058
role playing game,8242058
based on film,8242058
customizable character,8242058
harry potter,8242058
heterosexuality,0086011
stripper,0086011
adulterous wife,0086011
public nudity,0086011
male nudity,0086011
anthropomorphic animal,0078780
cleavage,0078780
anthropomorphism,0078780
1980s,0078780
full moon,0078780
insurance investigation,0036775
murder disguised as accident,0036775
femme fatale,0036775
insurance,0036775
insurance policy,0036775
marvel comics,4595412
marvel cinematic universe,4595412
ex husband ex wife relationship,4595412
bobbi morse a.k.a. mockingbird character,4595412
spin off,4595412
women's rights,7914938
rights,7914938
bruce lee character,0089695
cult favorite,0089695
exercise,0089695
billiard cue,0089695
billiard table,0089695
murder,0084133
librarian,0084133
small town,0084133
quarry,0084133
one word title,0084133
loom,0493464
assassin,0493464
rejuvenation,0493464
voice over narration,0493464
secret organization,0493464
priest as protagonist,6053438
church,6053438
priest,6053438
climate change,6053438
religion,6053438
teenage prankster,2262315
fake ghost,2262315
hidden camera,2262315
prank,2262315
twist ending,2262315
kenzo,6018502
commercial,6018502
stairs,6018502
falling off a stage,6018502
stage,6018502
sea,14140886
teenager,14140886
netflix original,14140886
hot air balloon,0048960
race against time,0048960
based on novel,0048960
london england,0048960
gentleman's club,0048960
time travel,2319739
philosophy,2319739
starts with narration,2319739
meeting future self,2319739
ignoring advice,2319739
snail,9303756
whale,9303756
whale tail,9303756
trip,9303756
journey,9303756
years of lead,0065889
1970s,0065889
police investigation,0065889
anarchist,0065889
police officer,0065889
bermuda triangle,0078417
based on book,0078417
bikini,0078417
doll,0078417
evil doll,0078417
male frontal nudity,3654796
sequel,3654796
mask,3654796
hidden camera,3654796
hot tub,3654796
2000s,4963986
flat,4963986
fiend,4963986
interview,4963986
house,4963986
vampire,0762073
death by sunrise,0762073
2000s,0762073
wheelchair,0762073
south korea,0762073
cage,0217756
championship belt,0217756
tough guy,0217756
stupidity,0217756
challenge,0217756
san bernadino california,8433210
year 1989,8433210
birthday party,8433210
nyctophobia,8433210
psychologist,8433210
russia,0118617
amnesia,0118617
female protagonist,0118617
romanov,0118617
russian revolution,0118617
spirit,0203237
friendship,0203237
whip,0203237
sword,0203237
telekinesis,0203237
secret agent,11697484
electronic music score,11697484
ambiguous ending,11697484
scene before opening credits,11697484
opening action scene,11697484
tv mini series,15837600
based on real people,15837600
reference to griselda blanco,15837600
character name as series title,15837600
most profitable,15837600
homoeroticism,6547786
love triangle,6547786
male to male kissing,6547786
bare chested male,6547786
robot,6547786
reference to black leather underwear,0109219
reference to afl cio,0109219
ant analogy,0109219
old testament,0109219
uso bombing,0109219
robot sci fi,0163467
magic,0163467
robot,0163467
tv mini series,9563140
friend,9563140
supernatural power,9563140
catholic orphanage,0027300
illegitimate son,0027300
slave trade,0027300
foundling,0027300
opera singer,0027300
post apocalypse,4943218
water,4943218
scar,4943218
church,0762114
wedding,0762114
kiss,0762114
usa,0762114
wedding reception,0762114
british noir,0038924
guardian,0038924
piano,0038924
pianist,0038924
piano concert,0038924
mother kills own child,0080764
necrophilia,0080764
bare chested male,0080764
bare breasts,0080764
accident,0080764
political assassination,0080139
assassination of american president,0080139
assassin,0080139
breasts,0080139
sex scene,0080139
father daughter relationship,0102975
psychotronic film,0102975
heiress,0102975
torpedo,0102975
coup,0102975
adoption,7664504
triplets,7664504
suicide,7664504
twin,7664504
depression,7664504
torture,8236336
investigation,8236336
interrogation,8236336
muslim,8236336
brutality,8236336
whale,0113114
boy,0113114
oil tanker,0113114
oil spill,0113114
killer whale,0113114
tunnel,0087817
traffic,0087817
new york city,0087817
new york,0087817
artist,0087817
magician,0066578
magic,0066578
stage magician,0066578
graphic violence,0066578
dead woman carried,0066578
lake,0091810
excavator,0091810
garage,0091810
weeds,0091810
homeless man,0091810
lesbian,4000870
sex addict,4000870
bar mitzvah,4000870
lesbian sister,4000870
sister sister relationship,4000870
strong sexual content,0465375
sex,0465375
bare breasts,0465375
kissing while having sex,0465375
hooker,0465375
franchise,9413018
disney,9413018
third part,9413018
disney plus,9413018
retro horror,5774450
suburbia,5774450
friendship,5774450
1980s,5774450
murder,5774450
hotel,0090669
miss marple,0090669
murder,0090669
doorman,0090669
robbery,0090669
premarital sex,0107473
character names as title,0107473
forename in title,0107473
nickname in title,0107473
bare breasts,0107473
botanist,1706680
psychotronic film,1706680
creature feature,1706680
root,1706680
disaster,1706680
ghost,7798604
based on short story,7798604
social media,7798604
investigate,7798604
secret agent,0111503
spy,0111503
secret mission,0111503
remake,0111503
tango,0111503
world war two,5827916
anti nazism,5827916
nazi,5827916
death penalty,5827916
third reich,5827916
armoured vehicle,0452608
prison,0452608
car,0452608
prison warden,0452608
dystopia,0452608
korean,12246190
adapted from a webtoon,12246190
food cart,12246190
food,12246190
dream,12246190
jail visit,6910006
mother son relationship,6910006
bald woman,6910006
released from prison,6910006
dying wish,6910006
nose,0042367
france,0042367
character name as title,0042367
cyrano de bergerac character,0042367
timeframe 1600s,0042367
heist,0072288
friendship between men,0072288
bank vault,0072288
homosexual subtext,0072288
preacher,0072288
astronomical object in title,0093170
decompression,0093170
freezing,0093170
timeframe 1940s,0093170
male full rear nudity,0093170
bioterrorism,5776468
bioterrorist,5776468
smallpox,5776468
contagious disease,5776468
escaped inmate,5776468
patient,3458254
experiment,3458254
zombie,3458254
wife,3458254
elevator,3458254
survival horror,0089013
demon,0089013
demonic possession,0089013
gore,0089013
grindhouse film,0089013
east germany,5311542
painter,5311542
doctor,5311542
forced abortion,5311542
pregnancy,5311542
thief,7991608
heist,7991608
chase,7991608
rivalry,7991608
art,7991608
looking at the camera,0102510
gagged,0102510
president,0102510
bound and gagged,0102510
slapstick comedy,0102510
1960s,0095647
mississippi,0095647
african american,0095647
police,0095647
investigation,0095647
dirty cop,0118900
stripper,0118900
rogue cop,0118900
bald man,0118900
judge,0118900
priest,0066993
france,0066993
17th century,0066993
mother superior,0066993
nun,0066993
female nudity,5164184
shower scene,5164184
suspicious death,5164184
murder investigation,5164184
blind woman,5164184
prison officer,1727816
british,1727816
black british,1727816
ptsd post traumatic stress disorder,1727816
prison guard,1727816
mexican,0106469
barrio,0106469
male male kiss,0106469
gang war,0106469
1980s,0106469
voyeur,0454082
sorority sister,0454082
sorority house,0454082
teenage girl,0454082
videotaped sex,0454082
1990s,0101143
sitcom,0101143
british humour,0101143
immature behavior,0101143
office,0101143
downward spiral,0161292
racist,0161292
violence,0161292
beating,0161292
bouncer,0161292
robinson crusoe character,0044386
loneliness,0044386
master servant relationship,0044386
survival,0044386
death of dog,0044386
black comedy,0088680
mistaken identity,0088680
paranoia,0088680
mohawk haircut,0088680
voyeurism,0088680
cyberpunk,0094625
biker gang,0094625
based on manga,0094625
post thermonuclear war,0094625
anime,0094625
apprentice,1235189
bodyguard,1235189
hitman,1235189
assassin,1235189
rembrant painting,1235189
pulitzer prize source,3864056
new york city,3864056
bombing,3864056
museum,3864056
painting,3864056
vietnam war veteran,0763840
ptsd post traumatic stress disorder,0763840
flashback,0763840
blood splatter,0763840
voice over narration,0763840
imagination,1373156
urban setting,1373156
cabin,1373156
disco,1373156
cochin india,1373156
tv mini series,1805647
anime,1805647
trauma,1805647
tragedy,1805647
love,1805647
voyeurism,0331953
voyeur,0331953
blonde,0331953
sex in bed,0331953
white panties,0331953
boys love,12048276
university,12048276
college,12048276
gay friendly,12048276
flirting,12048276
national basketball association,1407061
new jersey nets,1407061
miami heat,1407061
buick automobile,1407061
buick electra,1407061
travel,0080461
student,0080461
exchange student,0080461
france,0080461
europe,0080461
accent,0086659
nazi,0086659
satire,0086659
slapstick comedy,0086659
british comedy,0086659
psychotronic film,0060831
lincoln continental,0060831
will reading,0060831
lawyer,0060831
inheritance,0060831
father son relationship,1966385
cancer,1966385
family home,1966385
hotel room,1966385
hotel,1966385
technology,3212608
science,3212608
scientist,3212608
brain,3212608
research,3212608
mortgage,1596363
finance,1596363
bank,1596363
banking,1596363
short selling,1596363
accused of witchcraft,1015471
strained mother daughter relationship,1015471
high school girl,1015471
high school,1015471
teenage girl,1015471
tv mini series,0084997
police chief,0084997
ku klux klan,0084997
murder investigation,0084997
bare chested male,0084997
christopher columbus character,0103962
king ferdinand of spain character,0103962
queen isabella character,0103962
caribbean sea,0103962
movie flop,0103962
deal with the devil,0090888
blues music,0090888
guitar duel,0090888
musical duel,0090888
harmonica,0090888
bare breasts,0074291
casanova character,0074291
europe,0074291
18th century,0074291
mother daughter relationship,0074291
prostitute,0066195
prostitution,0066195
sex comedy,0066195
premarital sex,0066195
based on play,0066195
public nudity,0102383
public sex,0102383
full frontal female nudity,0102383
barefoot woman,0102383
character name as title,0102383
1970s,0067280
oz,0067280
reference to dorothy gale,0067280
anthropomorphism,0067280
anthropomorphic lion,0067280
gangster,0203119
spain,0203119
one last job,0203119
heist,0203119
surrealistic dream,0203119
giant spider,6895284
spider monster,6895284
mother son relationship,6895284
eyes removed,6895284
ancient relic,6895284
exploitation,0089338
gang rape,0089338
rape,0089338
woman in a shower,0089338
cannibalism,0089338
hitman,0995845
investigation,0995845
police officer,0995845
bathtub,0995845
one man army,0995845
thanksgiving,0093748
airport,0093748
road movie,0093748
on the road,0093748
train,0093748
sea,0097162
sailboat,0097162
female frontal nudity,0097162
maniac,0097162
female nudity,0097162
portuguese language amazon originals programming,12279642
female nudity,12279642
female rear nudity,12279642
female frontal nudity,12279642
female full frontal nudity,12279642
1880s,0090633
19th century,0090633
ship,0090633
storm at sea,0090633
lost at sea,0090633
playstation 5,10478562
microsoft windows,10478562
city in title,10478562
city,10478562
power,10478562
pregnancy,3138558
woman in jeopardy,3138558
barefoot male,3138558
injured foot,3138558
german shepherd dog,3138558
haunted hospital,0185371
characters killed one by one,0185371
haunted house,0185371
strapped to a bed,0185371
breasts,0185371
insane asylum,0366627
time traveler,0366627
time machine,0366627
morgue,0366627
shot in the head,0366627
rape,0089964
woman in prison,0089964
buried up to the neck,0089964
python,0089964
strangled with snake,0089964
marvel comics,9073746
based on comic book,9073746
superhero,9073746
teenage superhero,9073746
superheroine,9073746
dog,4136456
chopping wood,4136456
firewood,4136456
execution,4136456
fake identity,4136456
blackface,0018037
national film registry,0018037
afi,0018037
1920s,0018037
blockbuster,0018037
national film registry,0036391
classic musical,0036391
timeframe 1900s,0036391
stage show,0036391
parade,0036391
teasing,3339674
rake,3339674
psychotronic film,3339674
reference to hades the greek deity,3339674
punched in the face,3339674
glass,0119843
church,0119843
wager,0119843
inheritance,0119843
gambling,0119843
canadian army,0062886
commando,0062886
italy,0062886
commando mission,0062886
italian campaign,0062886
magic,5807628
dragonslayer,5807628
greed,5807628
vision,5807628
elderly man,5807628
crude humor,0112508
teacher student relationship,0112508
banana peel,0112508
high school graduation,0112508
academic decathlon,0112508
spider,8328740
lizard,8328740
inn,8328740
ghost child,8328740
ghost human relationship,8328740
female nudity,0337764
sex,0337764
russia,0110857
red dress,0110857
lingerie,0110857
panties,0110857
scantily clad female,0110857
bagman,1194417
scene during end credits,1194417
ends with real life footage,1194417
character name as title,1194417
nickname as title,1194417
investigation,2350892
deep south,2350892
swamp,2350892
contract killer,2350892
detective,2350892
dead reindeer,0053232
killing a reindeer,0053232
dead animal,0053232
monster kills animal,0053232
sasquatch,0053232
piano,0117631
pianist,0117631
australia,0117631
abuse,0117631
mental institution,0117631
invasion,1217613
alien invasion,1217613
extraterrestrial,1217613
male lieutenant,1217613
wounded man,1217613
death,4034228
death of brother,4034228
manchester massachusetts,4034228
massachusetts,4034228
guardian,4034228
loss of son,1152758
pregnancy,1152758
child custody,1152758
biting fingernails,1152758
death of friend,1152758
butler,9174578
brit abroad,9174578
gentleman,9174578
man servant,9174578
gentleman's gentleman,9174578
murder,6205872
small town,6205872
high school,6205872
police,6205872
tied feet,6205872
money,0273982
hustler,0273982
jail,0273982
beating,0273982
revenge,0273982
anime,3105422
baseball,3105422
friendship,3105422
high school,3105422
based on manga,3105422
hairstyling,7129636
father daughter relationship,7129636
instructional video,7129636
combing hair,7129636
hair,7129636
detective,0098471
bank robbery,0098471
hostage,0098471
release from prison,0098471
police,0098471
alternate history,0120569
muscleman,0120569
bare chested male bondage,0120569
based on comic book,0120569
character name as series title,0120569
slavery,4648786
underground railroad,4648786
harriet tubman character,4648786
antebellum america,4648786
african american,4648786
charade,0115685
pretense,0115685
sham,0115685
united states of america,0115685
united states,0115685
tv mini series,15169492
category podcast,15169492
spin off,15169492
80s,15169492
woman uses a wheelchair,1319694
pre world war two,1319694
family relationships,1319694
family secret,1319694
secret,1319694
sex scene,2112210
strip club,2112210
exotic dancer,2112210
stripper,2112210
oral sex,2112210
body swap,0118178
pantyhose,0118178
guitar,0118178
trumpet,0118178
saxophone,0118178
forger,0060522
burglar,0060522
heist,0060522
museum,0060522
police,0060522
cgi animation,1620981
lion,1620981
grandmother,1620981
wedding,1620981
reboot,1620981
godzilla,0097444
kaiju,0097444
japan,0097444
tokusatsu,0097444
fictional country,0097444
police,0920448
first love,7521898
love at first sight,7521898
family tragedy,7521898
compensation,7521898
memorial,7521898
crutches,2866708
pregnant,2866708
mother son relationship,2866708
cassette player,2866708
cassette,2866708
bathtub,4321306
classroom,4321306
amputation,4321306
vomiting,4321306
voice over,4321306
fairy tale,9086228
folk horror,9086228
witch,9086228
brother sister relationship,9086228
based on fairy tale,9086228
rape,1895315
obsession,1895315
reverend,1895315
retribution,1895315
preacher,1895315
rabbit,0031405
newspaper,0031405
hunter,0031405
cartoon rabbit,0031405
animal tracks,0031405
female frontal nudity,3859304
comedic sex scene,3859304
gymnastics,3859304
female gymnast,3859304
olympic hopeful,3859304
character name as title,0119404
orphan,0119404
governess,0119404
french,0119404
dark heroine,0119404
film studio,13846414
unemployment,13846414
weimar germany,13846414
timeframe 1930s,13846414
male nudity,13846414
female humanoid alien,0112466
outdoor sex,0112466
alien on earth,0112466
foreplay,0112466
striptease,0112466
psychotronic film,0107870
stop motion animation,0107870
dinosaur adventure,0107870
egg,0107870
fossil,0107870
british colonialism,0057813
guerilla,0057813
based on novel,0057813
hand to hand combat,0057813
showdown,0057813
gold,0317740
cat,0317740
gold bar,0317740
scantily clad female,0317740
cleavage,0317740
truth,6409762
wilderness,6409762
creature feature,6409762
army veteran,6409762
pacific northwest,6409762
vampire,1139797
boyfriend girlfriend relationship,1139797
solitude,1139797
bullying,1139797
girl,1139797
infidelity,7653254
new york city,7653254
brooklyn new york city,7653254
los angeles california,7653254
actress,7653254
remake,0418131
close up of eyes,0418131
deaf boy,0418131
cat,0418131
year 1972,0418131
female friends,7377132
paranoia,7377132
death of a child,7377132
deadly fall,7377132
conflict between friends,7377132
male prostitute,0080365
candaulism,0080365
pimp whore relationship,0080365
sexual intercourse,0080365
murder,0080365
shark,0088100
psychotronic film,0088100
trash movie,0088100
italian exploitation,0088100
z movie,0088100
diamond,0103239
prison,0103239
on the run,0103239
explosive collar,0103239
elevator,0103239
resident evil,7826034
survival horror,7826034
playstation 4,7826034
xbox one,7826034
police office,7826034
conspiracy,1519461
secret base,1519461
area 51,1519461
alien,1519461
security system,1519461
winston churchill character,1928330
vietnam war veteran,1928330
vigilantism,1928330
profanity in title,1928330
one man army,1928330
polaroid camera,5598292
polaroid,5598292
teenage girl,5598292
female photographer,5598292
female protagonist,5598292
prison,8267604
baby,8267604
poverty,8267604
breast feeding,8267604
title directed by female,8267604
11 year old,0080419
genital examination,0080419
puberty,0080419
boy,0080419
coming of age,0080419
baseball,0131857
basketball,0131857
sports team,0131857
older man younger woman marriage,0131857
reference to al michaels,0131857
time travel,0318081
time machine,0318081
based on short story,0318081
evolution,0318081
butterfly,0318081
police,10199590
drone,10199590
lion,10199590
gypsy,10199590
revenge,10199590
four word title,0027260
dead body,0027260
hotel room,0027260
hotel,0027260
dinner party,0027260
school,0964587
heist,0964587
pantyhose,0964587
pantyhose legs,0964587
black pantyhose,0964587
chase,4442758
murder,4442758
motorcycle,4442758
beach,4442758
policeman,4442758
interracial lesbian sex,0113416
title directed by female,0113416
interrupted lesbian sex,0113416
lesbian,0113416
friend,0113416
cat,0312528
talking cat,0312528
dr seuss,0312528
party,0312528
fancy party,0312528
cult film,0069895
virus,0069895
biological weapon,0069895
grindhouse film,0069895
cigarette smoking,0069895
demonic possession,0093624
demon,0093624
killed during sex,0093624
halloween,0093624
transformation,0093624
1800s,0050858
1810s,0050858
napoleonic wars,0050858
peninsular war,0050858
avila spain,0050858
mourning for son,0935075
comic book artist,0935075
tragedy,0935075
accidental death,0935075
screenplay adapted by author,0935075
home invasion,5022702
writer,5022702
masked killer,5022702
deaf,5022702
female protagonist,5022702
cat,4154664
super powers,4154664
1990s,4154664
superhero,4154664
supernatural power,4154664
athlete,0035211
baseball,0035211
hero,0035211
terminal illness,0035211
retirement,0035211
queen elizabeth ii character,0286788
title directed by female,0286788
gender in title,0286788
girl in jeans,0286788
new york city,0286788
supernatural power,0063946
psychotronic series,0063946
london england,0063946
ghost,0063946
detective,0063946
epic,4773054
fighter,4773054
battle,4773054
king,4773054
fighting,4773054
female rear nudity,0449467
deaf girl,0449467
cultural difference,0449467
language barrier,0449467
original story,0449467
escaped convict,0107711
farm,0107711
widow,0107711
prison escape,0107711
martial artist,0107711
murder,0109890
sex scene,0109890
distrust,0109890
anti heroine,0109890
texas,0109890
dc comics,0094074
unintentional humor,0094074
campy,0094074
kryptonian,0094074
male kryptonian,0094074
large breasts,3208802
bare breasts,3208802
bikini,3208802
swimming pool,3208802
blonde,3208802
inventor,0090357
revenge,0090357
showdown,0090357
restaurant,0090357
police,0090357
web novel,17024632
warrior,0365847
ancient china,0365847
reincarnation,0365847
hare krishna,0365847
time travel,0365847
bank robber,2837574
gentleman criminal,2837574
septuagenarian,2837574
prison escape,2837574
heist,2837574
superhero,0169473
mecha,0169473
shounen,0169473
friendship,0169473
invention,0169473
high school,2122313
magic,2122313
friendship,2122313
witch,2122313
evil,2122313
pickup truck,4210080
bar,4210080
engine trouble,4210080
confessional,4210080
ex husband ex wife relationship,4210080
interrogation,10986050
tv mini series,10986050
netflix original,10986050
fight,10944486
overalls,10944486
fight club,10944486
female mma fighter,10944486
women's mixed martial arts,10944486
al capone character,0102460
new york city,0102460
slow motion scene,0102460
female nudity,0102460
nudity,0102460
ireland,2326204
location in title,2326204
egypt,5540188
cairo egypt,5540188
egyptian police,5540188
2010s,5540188
police,5540188
character repeats someone else's dialogue,2923316
child in jeopardy,2923316
heist crime,2923316
female nudity,2923316
prison,2923316
gay kiss,0210945
school,0210945
1970s,0210945
racial tension,0210945
american football,0210945
f rated,12399056
triple f rated,12399056
werewolf,12399056
singer,12399056
singer songwriter,12399056
female killer,1440728
female full frontal nudity,1440728
female frontal nudity,1440728
skinny dipping,1440728
assassination plot,1440728
revenge,11138512
viking age,11138512
10th century,11138512
viking,11138512
army,11138512
robot,0293416
synthetic human,0293416
city,0293416
gynoid,0293416
steampunk fantasy,0293416
fainting man,2049543
woman flashes her leg,2049543
woman wears a see through blouse,2049543
woman wears black lingerie,2049543
dahlia,2049543
hip hop,1398426
gangsta rap,1398426
based on true story,1398426
rap music,1398426
gangsta,1398426
max rockatansky character,4575512
psychotronic film,4575512
ozploitation,4575512
australian science fiction,4575512
australian supernatural,4575512
1930s,0116745
kansas city missouri,0116745
female frontal nudity,0116745
breasts,0116745
scantily clad female,0116745
four word title,0260866
female mental patient,0260866
stolen gem,0260866
murder investigation,0260866
burial ground,0260866
dementia,9072352
mother daughter relationship,9072352
horror directed by woman,9072352
grandmother granddaughter relationship,9072352
old house,9072352
supernatural power,1885325
christian,1885325
christian film,1885325
washington d.c.,1885325
hotel,1885325
2008,1731708
reference to sonic x,1731708
angel,1731708
demon,1731708
sympathetic villain,1731708
buddy comedy,0109666
teen comedy,0109666
buddy movie,0109666
sex comedy,0109666
direct to video,0109666
2000 a.d. comics,6873692
post apocalypse,6873692
judge dredd,6873692
dystopia,6873692
based on comic,6873692
father daughter relationship,1620449
hero,1620449
heroine,1620449
fire,1620449
rabbit,1620449
love,1686812
london england,1686812
publisher,1686812
lunch date,1686812
italian restaurant,1686812
fifth part,6967966
sequel,6967966
microsoft windows,6967966
police protagonist,6967966
sheriff,6967966
bare chested male,0072886
hairy chest,0072886
homosexual subtext,0072886
rehabilitation center,0072886
psychotronic film,0072886
singing in a car,2365580
reference to eddie vedder,2365580
based on epistolary novel,2365580
apostrophe in title,2365580
punctuation in title,2365580
hostage,0095016
one against many,0095016
los angeles california,0095016
heist,0095016
christmas,0095016
f rated,5459168
police,5459168
procedural,5459168
village,5459168
unseen character,5459168
cannibal,0089274
slasher,0089274
blood,0089274
grindhouse film,0089274
low budget film,0089274
cemetery,0902290
alien corpse,0902290
zombie,0902290
island,0902290
horror comic,0902290
superhero,3881026
revenge,3881026
masked crime fighter,3881026
non comic book superhero,3881026
vigilante,3881026
death row inmate,0120689
good versus evil,0120689
prison guard,0120689
death row,0120689
accused of murder,0120689
bird attack,0056869
california,0056869
paranoia,0056869
1960s,0056869
unsolved mystery,0056869
chase,0078915
daffy duck character,0078915
bugs bunny character,0078915
elmer fudd character,0078915
marvin the martian character,0078915
tv special,15599258
timeframe 1970s,15599258
serial killer,15599258
abandoned hospital,2041331
sex tape,2041331
police,2041331
bloody nose,2041331
fence,2041331
will,0038338
musician,0038338
attempted strangulation,0038338
falling down stairs,0038338
ring,0038338
friendship,2004420
topless female nudity,2004420
urination,2004420
jewish,2004420
broken leg,2004420
theater actress,9075388
accident,9075388
night,9075388
raining,9075388
guitar,9075388
boyfriend girlfriend relationship,1900893
disturbed person,1900893
crying man,1900893
mass murder,1900893
stalking,1900893
unlikely hero,0104412
reluctant hero,0104412
stealing credit,0104412
firefighter,0104412
bartender,0104412
friendship,1878942
male nudity,1878942
lesbian kiss,1878942
coming out,1878942
gay interest,1878942
philippines,0101258
1960s,0101258
spanking,0101258
scrubbing the floor,0101258
policeman,0101258
art,8342680
painting,8342680
art critic,8342680
art museum,8342680
boyfriend girlfriend relationship,8342680
shorts,3748256
tv mini series,3748256
car,3748256
anthropomorphic car,3748256
anthropomorphic vehicle,3748256
tv mini series,15773254
suspense,15773254
pilot,15773254
female nudity,0099484
female sexuality,0099484
double penetration,0099484
threesome,0099484
incestuous brother sister threesome,0099484
character name as title,6814914
thong,6814914
road movie,6814914
dog,6814914
shower,6814914
friend,1324059
writer,1324059
magazine,1324059
spoiled brat,1324059
realization,1324059
basement,0066214
whipping,0066214
whipping scars,0066214
shared bath,0066214
pouring acid on a car,0066214
desert,0087884
possessive love,0087884
motel,0087884
amnesia,0087884
father son relationship,0087884
six pack abs,4565520
hairy chest,4565520
bare chested male,4565520
cleavage,4565520
pigtails,4565520
traumatic experience,0058405
fear of madness,0058405
psychotronic film,0058405
nightmare,0058405
young female student,0058405
slapstick comedy,0252462
woman fights a woman,0252462
camp,0252462
adult humor,0252462
pun,0252462
based on tv series,0117397
tv movie as tv series finale,0117397
rescuing a space alien,0117397
car,0117397
automobile,0117397
scotland,6679794
scottish independence,6679794
medieval times,6679794
warfare,6679794
male full frontal nudity,6679794
natural horror,0075620
bee,0075620
bee attack,0075620
grindhouse film,0075620
blood,0075620
hypnosis,0101669
private eye,0101669
amnesia,0101669
scissors,0101669
past life regression,0101669
halloween,7493366
bare breasts,7493366
female nudity,7493366
punk rock band,7493366
punk rock girl,7493366
business,1861225
team,1861225
satire,1861225
british comedy,1861225
timeframe 2010s,1861225
fraternity,0110759
microphone,0110759
college campus,0110759
band,0110759
beer,0110759
car racing,0067334
24 hours of le mans,0067334
24 hours le mans race,0067334
driver,0067334
france,0067334
sequel,9218128
dog,0450843
christmas,0450843
fight,0450843
disco,0450843
ethnic slur,0450843
single player,0295914
platform game,0295914
half dressed cartoon animal,0295914
trial and error gameplay,0295914
multiple endings,0295914
psa,15470214
public service announcement,15470214
male nudity,5439812
photograph on a cell phone,5439812
pimp,5439812
strip club,5439812
nigerian accent,5439812
looney tunes,0088491
1980s,0088491
bugs bunny character,0088491
animal character name in series title,0088491
seven word series title,0088491
intelligence,0845746
money laundering,0845746
international crime ring,0845746
intelligence mole,0845746
intelligence agent,0845746
singer,11364112
character name as title,11364112
one word title,11364112
queer,11364112
recording,11364112
fantasy superhero,5235880
time loop,3748918
blood,3748918
evil father,3748918
female nudity,3748918
violence,3748918
isekai,10431262
shounen,10431262
high school students,10431262
childhood friend,10431262
anime,10431262
campy,0081249
upskirt,0081249
psychotronic film,0081249
timeframe 1980s,0081249
redheaded woman,0081249
spy,7369550
jet pack,7369550
self destruct,7369550
disintegration,7369550
shot in the back,7369550
zombie apocalypse,2535470
australian,2535470
one word title,2535470
zombie,2535470
gas mask,2535470
sleeping with socks on,0101615
bare chested male,0101615
egocentrism,0101615
narcissism,0101615
witness,0101615
timeframe 2010s,2401798
college,2401798
push button,2401798
independent video,2401798
cliffhanger,2401798
male nudity,7043012
male rear nudity,7043012
artist,7043012
satire,7043012
gay man has sex with a woman,7043012
sexuality,0063678
mysterious stranger,0063678
homosexuality,0063678
bourgeoisie,0063678
upper class,0063678
female nudity,0080486
erotica,0080486
bare breasts,0080486
nude dance,0080486
sexual perversion,0080486
2010s,2162709
scooby doo character,2162709
van helsing character,2162709
great dane,2162709
vampire,2162709
male objectification,5651338
bare chested male,5651338
reference to god,5651338
male nudity,5651338
male full frontal nudity,5651338
political conspiracy,0082085
psychotronic film,0082085
hitchcockian,0082085
roman a clef,0082085
techno thriller,0082085
scarecrow character,5769154
two word title,5769154
numbered sequel,5769154
sequel,5769154
second part,5769154
ancient greece,0346491
greek,0346491
macedonia,0346491
sex slave,0346491
female rear nudity,0346491
porn star,1340773
female full rear nudity,1340773
female female kiss,1340773
coitus,1340773
copulation,1340773
farm,0077405
train,0077405
wealth,0077405
farm worker,0077405
seasonal work,0077405
warden,0097770
prison,0097770
self sacrifice,0097770
park,0097770
small business,0097770
godzilla,0061856
kaiju,0061856
weather,0061856
island,0061856
scientist,0061856
matches,0091341
planet,0091341
galaxy,0091341
desert,0091341
husband wife relationship,0091341
small town,1540133
drug smuggling,1540133
galway ireland,1540133
mother son relationship,1540133
ireland,1540133
stewardess,0120390
commercial air travel,0120390
airplane,0120390
pilot,0120390
shootout,0120390
huis clos,5121816
black comedy,5121816
violence,5121816
hipster,5121816
held at gunpoint,5121816
supermarionation,0054567
flying sub,0054567
puppet,0054567
psychotronic film,0051063
part animated,4920450
black and white scene,4920450
1990s,4920450
voice over,4920450
little girl,4920450
absinthe,3103620
psychotronic film,0055894
kew gardens london,0055894
lincoln's inn fields london england,0055894
piccadilly circus london,0055894
houses of parliament london,0055894
older actors younger roles,0164917
driving,0164917
knife,0164917
power,0164917
artifact,0164917
church,0110889
catholic priest,0110889
homosexual,0110889
sexual repression,0110889
liverpool england,0110889
law firm,0119196
lawyer,0119196
law,0119196
committed to asylum,0119196
killing a pet,0119196
greatest fear,1085779
fear,1085779
bare chested male,1085779
bare chested boy,1085779
bathing a dog,1085779
forced to watch sex,1095217
lieutenant,1095217
crack pipe,1095217
nude photograph,1095217
murder investigation,1095217
frame up,0144714
psychotronic series,0144714
female immortal,0144714
highlander,0144714
cyber crime,0144714
independent video game,7034108
single player,7034108
playstation 4,7034108
xbox one,7034108
microsoft windows,7034108
sequel,1630029
second part,1630029
3d,1630029
disney,1630029
science fantasy,1630029
cricket the sport,0372532
wedding,0372532
escort,0372532
male escort,0372532
wedding date,0372532
latias,0347791
latios,0347791
pokemon,0347791
pikachu,0347791
based on video game,0347791
character credited as self,1458674
baseball stadium,0437863
darth vader character,0437863
man wears eyeglasses,0437863
girl wears eyeglasses,0437863
happy madison,0437863
bitten by evil dead,0067500
zombification,0067500
knights templar,0067500
knight templar,0067500
tomb,0067500
outer space,0762125
hovercar,0762125
astronomical object in title,0762125
alien,0762125
alien planet,0762125
based on tv series,8110232
italian american,8110232
newark riots,8110232
prequel,8110232
men,8110232
coming of age,1104123
shared universe,1104123
strong female character,1104123
loyalty,1104123
hero,1104123
rasputin character,0059635
character name as title,0059635
grigori rasputin character,0059635
four word title,0059635
psychotronic film,0059635
military,12226808
cgi,12226808
aerial combat,12226808
mockbuster,12226808
russian,12226808
year 1967,0078680
year 1992,0078680
1960s,0078680
1970s,0078680
1980s,0078680
spider man character,0078308
peter parker character,0078308
j. jonah jameson character,0078308
psychotronic film,0078308
1970s,0078308
valley girl,0086525
teen comedy,0086525
coming of age,0086525
los angeles california,0086525
title directed by female,0086525
unintentionally funny,1778346
reference to kentucky fried chicken,1778346
aids,1778346
religious fanatic,1778346
ping pong,1778346
based on true story,1389137
zoo,1389137
inspection,1389137
family relationships,1389137
brother sister relationship,1389137
labrador retriever,0113028
boy dog relationship,0113028
dog,0113028
survival,0113028
stray dog,0113028
cfnm,0926762
cfnm scene,0926762
female full frontal nudity,0926762
female rear nudity,0926762
loft,0926762
female police officer,3528666
girls with guns,3528666
afghanistan war veteran,3528666
body lands on a car,3528666
dead female police officer,3528666
academic probation,0077975
toga party,0077975
lust,0077975
fraternity,0077975
stuffed bra,0077975
prison,0291341
soccer,0291341
remake of american film,0291341
soccer player,0291341
soccer match,0291341
twisted love,0406310
queen victoria character,0406310
reference to jack the ripper,0406310
hulking out,0406310
magical potion,0406310
game,6902676
chase,6902676
escape,6902676
disguise,6902676
drone,6902676
cayenne french guiana,0037166
anti nazi,0037166
sweating bare chested male,0037166
song,0037166
singer,0037166
reenactment,8888656
true crime,8888656
serial killer,8888656
murderer,8888656
police investigation,8888656
mother son incest,0111252
masturbation,0111252
independent film,0111252
incest,0111252
female full rear nudity,0111252
scam,9054192
housewives,9054192
crime caper,9054192
swindle,9054192
discount coupon,9054192
ova,3629520
mecha,3629520
anime,3629520
postapocalypse,3629520
sentient combat armor,3629520
human vulcan baby,0098382
male alien,0098382
pavel chekov character,0098382
spock character,0098382
sarek character,0098382
grindhouse film,0099108
psychotronic film,0099108
cult director,0099108
cult film,0099108
splatter,0099108
hand transplant,0026663
psychotronic film,0026663
monster movie,0026663
wax figure,0026663
mad scientist,0026663
second part,1674782
trial by media,3513548
media bias,3513548
false accusation,3513548
scapegoat,3513548
atlanta georgia,3513548
female nudity,4738776
breast,4738776
female full rear nudity,4738776
female masturbation,4738776
blonde,4738776
reference to kelly ripa,0460810
scene during end credits,0460810
looking at oneself in a mirror,0460810
character name as title,0460810
buck howard character,0460810
nazi zombie,3977848
flying shark,3977848
shark,3977848
porn star,3977848
ensemble cast,3977848
usa,0430770
united states,0430770
disappointment,0430770
divorce,0430770
new york,0430770
hubot,2180271
robot clone,2180271
artificial intelligence,2180271
robot,2180271
human robot,2180271
naivety,0401398
thumbs up gesture,0401398
apostrophe in title,0401398
punctuation in title,0401398
male protagonist,0401398
horse,0317648
race,0317648
cowboy,0317648
desert,0317648
horse race,0317648
psychotronic film,0097630
monster,0097630
expedition,0097630
sequel,0097630
based on novel,0097630
adult animation,0082509
female nudity,0082509
animated nudity,0082509
violence,0082509
sexual fantasy,0082509
cook,1135503
cooking,1135503
blog,1135503
french cuisine,1135503
food,1135503
superstition mountains arizona,0077065
superstition mountains,0077065
reference to arizona,0077065
psychotronic series,0077065
government,0077065
new york city,0482572
murder of a policeman,0482572
murder of a police officer,0482572
taken in for questioning,0482572
criminal investigation,0482572
character name as series title,4905554
two word title,4905554
psychological drama,4905554
true crime,4905554
timeframe 2010s,4905554
abortion clinic,0361693
massage,0361693
abortion,0361693
boyfriend boyfriend relationship,0361693
west highland white terrier,0361693
blaxploitation,0068282
female prisoner,0068282
handcuffed together,0068282
disguised as a nun,0068282
women in prison,0068282
armored truck,0084887
explosion,0084887
post apocalypse,0084887
low budget sci fi movie,0084887
fuel shortage,0084887
blonde,0893509
strip club,0893509
blonde bombshell,0893509
mistaken identity,0893509
stewardess,0893509
swamp,0053611
underwater explosion,0053611
giant leech,0053611
dynamite,0053611
poacher,0053611
wife raped in front of husband,0069715
attacked by a dog,0069715
facial birthmark,0069715
exclamation point in title,0069715
rottweiler,0069715
woman in jeopardy,0482374
infidelity,0482374
female nudity,0482374
cheating girlfriend,0482374
deception,0482374
animal,5513260
quicksand,5513260
penguin,5513260
otter,5513260
sequel,5513260
supernatural power,0363668
1990s,0363668
super intelligence,0363668
motorcycle,0363668
talking motorcycle,0363668
stranded,0058530
mars the planet,0058530
monkey,0058530
life on mars,0058530
human alien team,0058530
fun,2090883
police car,2090883
idyllic setting,2090883
southern germany,2090883
german police,2090883
gotham city,0041162
batman character,0041162
bruce wayne character,0041162
robin character,0041162
dick grayson character,0041162
mercenary,0080641
dictator,0080641
vietnam war veteran,0080641
african,0080641
reconnaissance,0080641
wizard,4123430
magical creature,4123430
paris france,4123430
sequel,4123430
witch,4123430
trapped in a car,8561690
bald man,8561690
violence,8561690
airbag,8561690
gun in mouth,8561690
apocalypse,3176418
monster,3176418
mad scientist,3176418
stop motion,3176418
stop motion animation,3176418
reference to marilyn monroe,0185014
gay relationship,0185014
gay interest,0185014
marijuana,0185014
extramarital affair,0185014
police,0858492
thief,0858492
look alike,0858492
dual role,0858492
stabbed in the back,0858492
cat,0086036
black comedy,0086036
rat,0086036
house,0086036
based on novel,0086036
new york city,0064665
hustler,0064665
gigolo,0064665
cowboy,0064665
homosexual,0064665
hot tub,0102862
sexploitation,0102862
director cameo,0102862
chainsaw,0102862
1910s,0020629
imperial germany,0020629
imperial german army,0020629
german empire,0020629
stahlhelm,0020629
lesbian love,3289712
coming out,3289712
lesbian kiss,3289712
wedding of main characters,3289712
marital breakup,3289712
cannibalism,2490326
child burning,2490326
coworker coworker relationship,2490326
school,2490326
colleague colleague relationship,2490326
boy,0109446
district attorney,0109446
reference to led zeppelin,0109446
lawyer client relationship,0109446
female lawyer,0109446
femme fatale,1212974
breaking a man's penis,1212974
shot in the crotch,1212974
woman murders a man,1212974
woman murders a woman,1212974
divorce,0354356
infidelity,0354356
wedding night,0354356
sex with a stranger,0354356
female pubic hair,0354356
shaved labia,2131644
seduction,2131644
sex scene,2131644
female nudity,2131644
raped by a monster,2131644
year 1984,1046997
1980s,1046997
1940s,1046997
partisan,1046997
behind enemy lines,1046997
sequel,8385474
second part,8385474
animal in title,8385474
apostrophe in title,8385474
punctuation in title,8385474
spring break,2101441
debauchery,2101441
party,2101441
female killer,2101441
rapper,2101441
manhunt,0119887
scottish mafia,0119887
scottish mob,0119887
scotsman,0119887
pretending to be chinese,0119887
breaking and entering,0161083
bankruptcy,0161083
question in title,0161083
beach house,0161083
thief,0161083
videotape,1010271
murder,1010271
mysterious killer,1010271
psychopathic killer,1010271
psycho killer,1010271
vampire,0238546
rock star,0238546
world domination,0238546
brutality,0238546
bar,0238546
based on comic book,1204343
based on comic,1204343
based on franco belgian comic book,1204343
third part,1204343
motion capture,1204343
power,10126434
pizza delivery man,10126434
pizza,10126434
cocaine,10126434
telling scary stories,10126434
alien,6490930
trapped in space,6490930
man with a beard,6490930
prostitute,6490930
drug,6490930
gothic horror,0054067
iron mask,0054067
vampire,0054067
cobweb,0054067
italian gothic,0054067
group therapy,0171356
colombian,0171356
murder,0171356
nurse,0171356
enema,0171356
supernatural power,0089200
levitation,0089200
strangulation,0089200
first part,0089200
candle,0089200
female nudity,5534434
topless female nudity,5534434
scantily clad female,5534434
cleavage,5534434
bare breasts,5534434
time travel romance,2373094
time travel,2373094
14th century,2373094
magic,2373094
witchcraft,2373094
meteor impact,0362942
cold weather,0362942
icy,0362942
cold the temperature,0362942
ice,0362942
bird,7089878
spin off,7089878
coming of age,7089878
friendship,7089878
flute,7089878
man in socks,0120241
man tied up,0120241
tied to chair,0120241
dark comedy,0120241
two word title,0120241
vampire,0403407
influenza,0403407
epidemic,0403407
new zealand,0403407
steampunk,0403407
superhero,1340094
crow,1340094
death,1340094
husband wife relationship,1340094
bat,1340094
zoo,3688342
zookeeper,3688342
elephant,3688342
belfast,3688342
bombing,3688342
infidelity,3696720
outer space,3696720
altered american flag,3696720
space sci fi,3696720
space opera sci fi,3696720
body part in title,12882620
murder of a child,0220261
deceased husband,0220261
police,0220261
denmark,0220261
murder,0220261
stolen nuclear weapon,0115759
stealth bomber,0115759
nuclear weapons,0115759
nuclear bomb,0115759
nuclear explosion,0115759
woods,14112080
north carolina,14112080
don't lose the rope,14112080
blind,14112080
hunter,14112080
backhoe,2980210
male in a shower,2980210
skin diving,2980210
overhead camera shot,2980210
cell phone,2980210
shared universe,2055789
fast and furious franchise,2055789
fast and furious,2055789
sequel with unusual number,2055789
man,2055789
protagonist and antagonist played by same actor,0295178
spy spoof,0295178
time travel,0295178
medical examination,0295178
villain arrested,0295178
los angeles california,0421206
california,0421206
usa,0421206
united states,0421206
football team,0421206
penis joke,0145660
spy,0145660
sexy agent,0145660
sexual joke,0145660
parody,0145660
army private,0036696
aunt niece relationship,0036696
bomb explosion,0036696
boogie woogie dancing,0036696
entombed alive,0036696
friendship,15181094
dermatologist,15181094
slice of life,15181094
teacher,15181094
christmas,11057644
santa claus,11057644
second part,11057644
sequel,11057644
numbered sequel,11057644
leatherface,0072271
cannibal,0072271
chainsaw,0072271
rural setting,0072271
american horror,0072271
torture device,1253864
castration,1253864
slave,1253864
mythology,1253864
torture,1253864
gothic horror,8595586
1950s,8595586
northern italy,8595586
devil,8595586
religion,8595586
female frontal nudity,3893620
male frontal nudity,3893620
abuse,3893620
abused wife,3893620
abusive husband,3893620
student,6992978
painful memories,6992978
graduation film,6992978
reconstruction,6992978
grieving,6992978
bed and breakfast,0350774
urination,0350774
vegan,0350774
racial slur,0350774
splatter comedy,0350774
2010s,4185364
mabel 'madea' simmons character,4185364
puppet,0098143
evil doll,0098143
female nudity,0098143
trenchcoat,0098143
cult film,0098143
jedediah smith character,0184894
good versus evil,0184894
horseback riding,0184894
gang,0184894
gang leader,0184894
unrequited love,8585954
college,8585954
plastic surgery,8585954
popularity,8585954
bullying,8585954
erotic thriller,0217107
erotica,0217107
black cast,0217107
lesbian,0217107
prostitute,0217107
sex scene,0090881
sex in bed,0090881
voyeur,0090881
psychopathic killer,0090881
violence,0090881
cabin,0050143
hostage,0050143
alien,0050143
kidnapping,0050143
geologist,0050143
based on video game,0119707
so bad it's good,0119707
supernatural fantasy,0119707
sword and sorcery fantasy,0119707
timeframe 1990s,0119707
british horror,0072239
drive in classic,0072239
grindhouse film,0072239
violence,0072239
creepy,0072239
serial killer,0107302
journalist,0107302
brutality,0107302
hairy chest,0107302
black comedy,0107302
magic spell,0026714
boyfriend girlfriend relationship,0026714
play rehearsal,0026714
romantic rivalry,0026714
multiple wedding,0026714
contract killer,9272568
zombie apocalypse,9272568
reference to manchester united,9272568
father daughter bonding,9272568
father daughter relationship,9272568
somalia,0265086
u.s. army,0265086
gunfight,0265086
peacekeeper,0265086
chaos,0265086
burned alive,1828970
nonlinear timeline,1828970
found footage,1828970
cell phone video,1828970
cell phone,1828970
fan film,8707436
uncharted,8707436
lesbian,13130838
lesbian sex,13130838
female rear nudity,13130838
female rear nudity,0422720
french revolution,0422720
nudity,0422720
public nudity,0422720
title directed by female,0422720
abuse,9000224
employer employee relationship,9000224
intimidation,9000224
degradation,9000224
sexism,9000224
married couple,2390791
caucasian,2390791
british,2390791
uk,2390791
cleaning business,2390791
teenage girl,0417503
fashion,0417503
doll,0417503
surrealism,0417503
glamorous lifestyle,0417503
time travel,2652864
time machine,2652864
cartoon dog,2652864
genius,2652864
mr. peabody character,2652864
outer space,0098492
time dilation,0098492
kaiju,0098492
training,0098492
robot,0098492
san francisco california,10998174
english teacher,10998174
aspiring novelist,10998174
grandmother granddaughter relationship,10998174
lake house,10998174
spaceship,0120738
robot,0120738
alien,0120738
sabotage,0120738
scientist,0120738
mother daughter relationship,4925292
sacramento california,4925292
female protagonist,4925292
coming of age,4925292
loss of virginity,4925292
dead female police officer,1031280
female police officer deceased,1031280
cigarette,1031280
body lands on a car,1031280
creature feature,1031280
husband wife relationship,0046126
wife plots to kill husband,0046126
uxoricide,0046126
niagara falls,0046126
cable car,0046126
yuma arizona,0050086
arizona,0050086
contention city arizona,0050086
yuma territorial prison,0050086
globe arizona,0050086
drowning,7040874
twin,7040874
identical twin,7040874
missing friend,7040874
missing person,7040874
atomic bomb,0052893
nuclear bomb,0052893
world war two,0052893
f rated,0052893
voice over,0052893
prison,0120780
opposites attract,0120780
heist,0120780
bank robbery,0120780
u.s. marshal,0120780
wedding,9861332
cursed videotape,0449092
videotape,0449092
message from beyond the grave,0449092
watching a videotape,0449092
copying a videotape,0449092
older actors younger roles,0322645
crows,0322645
tree,0322645
moth,0322645
lily pad,0322645
robocop,0107978
christmas,0107978
robocop character,0107978
broadcast signal intrusion,0107978
red wine,0107978
supernatural horror,0325655
alternate reality,0325655
slow motion scene,0325655
ghost,0325655
eye,0325655
stand alone sequel,0496436
electronics,0496436
electronic voice phenomena,0496436
near death experience,0496436
aura,0496436
australian,5144174
murder,5144174
funeral,5144174
river,5144174
friend,5144174
villainess,0117008
library,0117008
abusive headmistress,0117008
watching tv,0117008
fbi agent,0117008
half dressed cartoon animal,0166973
cartoon mouse,0166973
adult interest,0166973
political incorrectness,0166973
attempted genocide,0166973
eumalacostraca,0050147
arthropods,0050147
bare chested male,0050147
creature feature,0050147
headless corpse,0050147
debt,10933680
sequel,10933680
second part,10933680
young adult,13186604
based on young adult novel,13186604
based on book series,13186604
female protagonist,13186604
dystopian future,13186604
womanizer,1186370
shaving pubic hair,1186370
pick up artist,1186370
female nudity,1186370
female frontal nudity,1186370
fighting game,16150204
crossover,16150204
steven universe character,16150204
harley quinn character,16150204
batman character,16150204
inquisitor,0064546
burned alive,0064546
burned at the stake,0064546
torture rack,0064546
female frontal nudity,0064546
cyberpunk,0377713
part of trilogy,0377713
third part,0377713
underwater scene,0377713
countdown,0377713
snow white,6208148
snow white the disney character,6208148
snow white and the seven dwarfs,6208148
walt disney character,6208148
disney princess,6208148
subway,0092493
cocaine,0092493
reference to clint eastwood,0092493
hostage,0092493
rowboat,0092493
sweden,5372890
ex husband ex wife relationship,5372890
divorced parents,5372890
eastern europe,5372890
sweden eastern europe,5372890
hero,11274100
one word title,11274100
open ended,11274100
animated sequence,11274100
no opening credits,11274100
fishing boat,6476140
neo noir,6476140
tuna,6476140
abusive husband,6476140
murder plot,6476140
one word title,0095655
michael jackson character,0095655
intergenerational friendship,0095655
super villain,0095655
superhero,0095655
serial killer,0432348
vcr,0432348
trap,0432348
torture,0432348
police officer,0432348
timeframe 2010s,1320296
character repeats someone else's dialogue,1320296
child in jeopardy,1320296
gang,1320296
rival gang,1320296
spoof,8387464
shark,8387464
toilet,8387464
innuendo,8387464
gory,8387464
musket,0086618
pirate,0086618
treasure,0086618
breasts,0086618
piracy,0086618
female nudity,0094061
murder,0094061
strip club,0094061
female impersonator,0094061
sexploitation,0094061
cult film,0065481
cult director,0065481
shoulder holster,0065481
murdered in a bathtub,0065481
woman in a bathtub,0065481
watching tv,0366777
police officer,0366777
7 year old,0366777
7 year old boy,0366777
euro,0366777
cult,1748207
cult leader,1748207
scantily clad female,1748207
manipulation,1748207
female editor,1748207
black comedy,0075936
absurd violence,0075936
pubic hair,0075936
surrealism,0075936
male nudity,0075936
ship,0118607
slave ship,0118607
escape from slavery,0118607
male full frontal nudity,0118607
slave trade,0118607
mount everest,2719848
mountain climbing,2719848
survival,2719848
mountain,2719848
man versus nature,2719848
impaled by spear,0041838
long haired man,0041838
samson character,0041838
delilah character,0041838
character names as title,0041838
school,0159901
all girls school,0159901
lesbian,0159901
girls' school,0159901
